-- t_LedgerGroup
insert into t_LedgerGroup (oid, ledgerGroupName, ledgerGroupCode, ledgerGroupType, isBalanceSheetItem) values ('LG-2016123001','Asset','01','Debit','Yes');
insert into t_LedgerGroup (oid, ledgerGroupName, ledgerGroupCode, ledgerGroupType, isBalanceSheetItem) values ('LG-2016123002','Liabilities','02','Credit','Yes');
insert into t_LedgerGroup (oid, ledgerGroupName, ledgerGroupCode, ledgerGroupType, isBalanceSheetItem) values ('LG-2016123003','Equity','03','Credit','Yes');
insert into t_LedgerGroup (oid, ledgerGroupName, ledgerGroupCode, ledgerGroupType, isBalanceSheetItem) values ('LG-2016123004','Revenue','04','Credit','No');
insert into t_LedgerGroup (oid, ledgerGroupName, ledgerGroupCode, ledgerGroupType, isBalanceSheetItem) values ('LG-2016123005','Expense','05','Debit','No');
commit;

-- t_LedgerSubGroup
insert into t_LedgerSubGroup (oid, ledgerSubGroupName, ledgerSubGroupCode, ledgerSubGroupType, isBalanceSheetItem, ledgerGroupCode, versionId, status, ledgerGroupOid, companyOid) values ('LSG-2016123001','Current Assets','0101','Debit','Yes','01','1','Active','LG-2016123001','C-HTT');
insert into t_LedgerSubGroup (oid, ledgerSubGroupName, ledgerSubGroupCode, ledgerSubGroupType, isBalanceSheetItem, ledgerGroupCode, versionId, status, ledgerGroupOid, companyOid) values ('LSG-2016123002','Fixed Assets','0102','Debit','Yes','01','1','Active','LG-2016123001','C-HTT');
insert into t_LedgerSubGroup (oid, ledgerSubGroupName, ledgerSubGroupCode, ledgerSubGroupType, isBalanceSheetItem, ledgerGroupCode, versionId, status, ledgerGroupOid, companyOid) values ('LSG-2016123003','Current Liabilities','0201','Credit','Yes','02','1','Active','LG-2016123002','C-HTT');
insert into t_LedgerSubGroup (oid, ledgerSubGroupName, ledgerSubGroupCode, ledgerSubGroupType, isBalanceSheetItem, ledgerGroupCode, versionId, status, ledgerGroupOid, companyOid) values ('LSG-2016123004','BOD Investments','0301','Credit','Yes','03','1','Active','LG-2016123003','C-HTT');
insert into t_LedgerSubGroup (oid, ledgerSubGroupName, ledgerSubGroupCode, ledgerSubGroupType, isBalanceSheetItem, ledgerGroupCode, versionId, status, ledgerGroupOid, companyOid) values ('LSG-2016123005','Revenue from Business','0401','Credit','No','04','1','Active','LG-2016123004','C-HTT');
insert into t_LedgerSubGroup (oid, ledgerSubGroupName, ledgerSubGroupCode, ledgerSubGroupType, isBalanceSheetItem, ledgerGroupCode, versionId, status, ledgerGroupOid, companyOid) values ('LSG-2016123006','Revenue from Investment','0402','Credit','No','04','1','Active','LG-2016123004','C-HTT');
insert into t_LedgerSubGroup (oid, ledgerSubGroupName, ledgerSubGroupCode, ledgerSubGroupType, isBalanceSheetItem, ledgerGroupCode, versionId, status, ledgerGroupOid, companyOid) values ('LSG-2016123007','Expenses for Cost of goods sold (COGS) or Cost of services','0501','Debit','No','05','1','Active','LG-2016123005','C-HTT');
insert into t_LedgerSubGroup (oid, ledgerSubGroupName, ledgerSubGroupCode, ledgerSubGroupType, isBalanceSheetItem, ledgerGroupCode, versionId, status, ledgerGroupOid, companyOid) values ('LSG-2016123008','Operating Expenses - Operations','0502','Debit','No','05','1','Active','LG-2016123005','C-HTT');
insert into t_LedgerSubGroup (oid, ledgerSubGroupName, ledgerSubGroupCode, ledgerSubGroupType, isBalanceSheetItem, ledgerGroupCode, versionId, status, ledgerGroupOid, companyOid) values ('LSG-2016123009','Operating Expenses - General & Administrative','0503','Debit','No','05','1','Active','LG-2016123005','C-HTT');
insert into t_LedgerSubGroup (oid, ledgerSubGroupName, ledgerSubGroupCode, ledgerSubGroupType, isBalanceSheetItem, ledgerGroupCode, versionId, status, ledgerGroupOid, companyOid) values ('LSG-2016123010','Operating Expenses - Selling.','0504','Debit','No','05','1','Active','LG-2016123005','C-HTT');
commit;

-- t_Ledger
insert into t_Ledger (oid, ledgerName, mnemonic, ledgerCode, ledgerType, isBalanceSheetItem, ledgerSubGroupCode, ledgerSubGroupOid, versionId, status, companyOid) values ('LGR-2016121601','Cash','Cash','0101001','Debit','Yes','0101','LSG-2016123001','1','Active','C-HTT');
insert into t_Ledger (oid, ledgerName, mnemonic, ledgerCode, ledgerType, isBalanceSheetItem, ledgerSubGroupCode, ledgerSubGroupOid, versionId, status, companyOid) values ('LGR-2016121602','Accounts Receivables','Accounts Receivables','0101002','Debit','Yes','0101','LSG-2016123001','1','Active','C-HTT');
insert into t_Ledger (oid, ledgerName, mnemonic, ledgerCode, ledgerType, isBalanceSheetItem, ledgerSubGroupCode, ledgerSubGroupOid, versionId, status, companyOid) values ('LGR-2016121603','Office Furnitures','Office Furnitures','0102001','Debit','Yes','0102','LSG-2016123002','1','Active','C-HTT');
insert into t_Ledger (oid, ledgerName, mnemonic, ledgerCode, ledgerType, isBalanceSheetItem, ledgerSubGroupCode, ledgerSubGroupOid, versionId, status, companyOid) values ('LGR-2016121604','Office Equipment','Office Equipment','0102002','Debit','Yes','0102','LSG-2016123002','1','Active','C-HTT');
insert into t_Ledger (oid, ledgerName, mnemonic, ledgerCode, ledgerType, isBalanceSheetItem, ledgerSubGroupCode, ledgerSubGroupOid, versionId, status, companyOid) values ('LGR-2016121605','Office Stationery','Office Stationery','0102003','Debit','Yes','0102','LSG-2016123002','1','Active','C-HTT');
insert into t_Ledger (oid, ledgerName, mnemonic, ledgerCode, ledgerType, isBalanceSheetItem, ledgerSubGroupCode, ledgerSubGroupOid, versionId, status, companyOid) values ('LGR-2016121606','Inventory','Inventory','0102004','Debit','Yes','0102','LSG-2016123002','1','Active','C-HTT');
insert into t_Ledger (oid, ledgerName, mnemonic, ledgerCode, ledgerType, isBalanceSheetItem, ledgerSubGroupCode, ledgerSubGroupOid, versionId, status, companyOid) values ('LGR-2016121607','Advance','Advance','0201001','Credit','Yes','0201','LSG-2016123003','1','Active','C-HTT');
insert into t_Ledger (oid, ledgerName, mnemonic, ledgerCode, ledgerType, isBalanceSheetItem, ledgerSubGroupCode, ledgerSubGroupOid, versionId, status, companyOid) values ('LGR-2016121608','Short term Loan','Short term Loan','0201002','Credit','Yes','0201','LSG-2016123003','1','Active','C-HTT');
insert into t_Ledger (oid, ledgerName, mnemonic, ledgerCode, ledgerType, isBalanceSheetItem, ledgerSubGroupCode, ledgerSubGroupOid, versionId, status, companyOid) values ('LGR-2016121609','Tax Payable','Tax Payable','0201004','Credit','Yes','0201','LSG-2016123003','1','Active','C-HTT');
insert into t_Ledger (oid, ledgerName, mnemonic, ledgerCode, ledgerType, isBalanceSheetItem, ledgerSubGroupCode, ledgerSubGroupOid, versionId, status, companyOid) values ('LGR-2016121610','Accounts Payables','ACPayable','0201003','Credit','Yes','0201','LSG-2016123003','1','Active','C-HTT');
insert into t_Ledger (oid, ledgerName, mnemonic, ledgerCode, ledgerType, isBalanceSheetItem, ledgerSubGroupCode, ledgerSubGroupOid, versionId, status, companyOid) values ('LGR-2016121611','BOD Investment','BODInvestment','0301001','Credit','Yes','0301','LSG-2016123004','1','Active','C-HTT');
insert into t_Ledger (oid, ledgerName, mnemonic, ledgerCode, ledgerType, isBalanceSheetItem, ledgerSubGroupCode, ledgerSubGroupOid, versionId, status, companyOid) values ('LGR-2016121612','Retained Earning','RetainedEarning','0301002','Credit','Yes','0301','LSG-2016123004','1','Active','C-HTT');
insert into t_Ledger (oid, ledgerName, mnemonic, ledgerCode, ledgerType, isBalanceSheetItem, ledgerSubGroupCode, ledgerSubGroupOid, versionId, status, companyOid) values ('LGR-2016121613','Discount Earned','Discount Earned','0301002','Credit','Yes','0301','LSG-2016123004','1','Active','C-HTT');
insert into t_Ledger (oid, ledgerName, mnemonic, ledgerCode, ledgerType, isBalanceSheetItem, ledgerSubGroupCode, ledgerSubGroupOid, versionId, status, companyOid) values ('LGR-2016121614','Sales Revenue Software','SalesRevenue','0401001','Credit','No','0401','LSG-2016123005','1','Active','C-HTT');
insert into t_Ledger (oid, ledgerName, mnemonic, ledgerCode, ledgerType, isBalanceSheetItem, ledgerSubGroupCode, ledgerSubGroupOid, versionId, status, companyOid) values ('LGR-2016121615','Revenue from Business','Revenue from Business','0401002','Credit','No','0401','LSG-2016123005','1','Active','C-HTT');
insert into t_Ledger (oid, ledgerName, mnemonic, ledgerCode, ledgerType, isBalanceSheetItem, ledgerSubGroupCode, ledgerSubGroupOid, versionId, status, companyOid) values ('LGR-2016121616','Revenue from Investment','Revenue from Investment','0401003','Credit','No','0402','LSG-2016123006','1','Active','C-HTT');
insert into t_Ledger (oid, ledgerName, mnemonic, ledgerCode, ledgerType, isBalanceSheetItem, ledgerSubGroupCode, ledgerSubGroupOid, versionId, status, companyOid) values ('LGR-2016121617','Direct materials for manufactured goods','Direct materials for manufactured goods','0501001','Debit','No','0501','LSG-2016123007','1','Active','C-HTT');
insert into t_Ledger (oid, ledgerName, mnemonic, ledgerCode, ledgerType, isBalanceSheetItem, ledgerSubGroupCode, ledgerSubGroupOid, versionId, status, companyOid) values ('LGR-2016121618','Direct costs of service delivery','Direct costs of service delivery','0501002','Debit','No','0501','LSG-2016123007','1','Active','C-HTT');
insert into t_Ledger (oid, ledgerName, mnemonic, ledgerCode, ledgerType, isBalanceSheetItem, ledgerSubGroupCode, ledgerSubGroupOid, versionId, status, companyOid) values ('LGR-2016121619','Purchase of finished goods inventory','Purchase of finished goods inventory','0501003','Debit','No','0501','LSG-2016123007','1','Active','C-HTT');
insert into t_Ledger (oid, ledgerName, mnemonic, ledgerCode, ledgerType, isBalanceSheetItem, ledgerSubGroupCode, ledgerSubGroupOid, versionId, status, companyOid) values ('LGR-2016121620','Overhead Expense','Overhead Expense','0501004','Debit','No','0501','LSG-2016123007','1','Active','C-HTT');
insert into t_Ledger (oid, ledgerName, mnemonic, ledgerCode, ledgerType, isBalanceSheetItem, ledgerSubGroupCode, ledgerSubGroupOid, versionId, status, companyOid) values ('LGR-2016121621','Tax Expense','Tax Expense','0501006','Debit','No','0501','LSG-2016123007','1','Active','C-HTT');
insert into t_Ledger (oid, ledgerName, mnemonic, ledgerCode, ledgerType, isBalanceSheetItem, ledgerSubGroupCode, ledgerSubGroupOid, versionId, status, companyOid) values ('LGR-2016121622','Production side rental','Production side rental','0502001','Debit','No','0502','LSG-2016123008','1','Active','C-HTT');
insert into t_Ledger (oid, ledgerName, mnemonic, ledgerCode, ledgerType, isBalanceSheetItem, ledgerSubGroupCode, ledgerSubGroupOid, versionId, status, companyOid) values ('LGR-2016121623','Production side maintenance','Production side maintenance','0502002','Debit','No','0502','LSG-2016123008','1','Active','C-HTT');
insert into t_Ledger (oid, ledgerName, mnemonic, ledgerCode, ledgerType, isBalanceSheetItem, ledgerSubGroupCode, ledgerSubGroupOid, versionId, status, companyOid) values ('LGR-2016121624','Production Executives salaries','Production Executives salaries','0502003','Debit','No','0502','LSG-2016123008','1','Active','C-HTT');
insert into t_Ledger (oid, ledgerName, mnemonic, ledgerCode, ledgerType, isBalanceSheetItem, ledgerSubGroupCode, ledgerSubGroupOid, versionId, status, companyOid) values ('LGR-2016121625','Production Executives commissions/incentives','Production Executives commissions/incentives','0502004','Debit','No','0502','LSG-2016123008','1','Active','C-HTT');
insert into t_Ledger (oid, ledgerName, mnemonic, ledgerCode, ledgerType, isBalanceSheetItem, ledgerSubGroupCode, ledgerSubGroupOid, versionId, status, companyOid) values ('LGR-2016121626','Production Executives Festival Bonus','Production Executives Festival Bonus','0502005','Debit','No','0502','LSG-2016123008','1','Active','C-HTT');
insert into t_Ledger (oid, ledgerName, mnemonic, ledgerCode, ledgerType, isBalanceSheetItem, ledgerSubGroupCode, ledgerSubGroupOid, versionId, status, companyOid) values ('LGR-2016121627','Consultancy Expense','Consultancy Expense','0502007','Debit','No','0502','LSG-2016123008','1','Active','C-HTT');
insert into t_Ledger (oid, ledgerName, mnemonic, ledgerCode, ledgerType, isBalanceSheetItem, ledgerSubGroupCode, ledgerSubGroupOid, versionId, status, companyOid) values ('LGR-2016121628','Office Rental','Office Rental','0503001','Debit','No','0503','LSG-2016123009','1','Active','C-HTT');
insert into t_Ledger (oid, ledgerName, mnemonic, ledgerCode, ledgerType, isBalanceSheetItem, ledgerSubGroupCode, ledgerSubGroupOid, versionId, status, companyOid) values ('LGR-2016121629','Office Maintenance','Office Maintenance','0503002','Debit','No','0503','LSG-2016123009','1','Active','C-HTT');
insert into t_Ledger (oid, ledgerName, mnemonic, ledgerCode, ledgerType, isBalanceSheetItem, ledgerSubGroupCode, ledgerSubGroupOid, versionId, status, companyOid) values ('LGR-2016121630','Executives Salaries','Executives Salaries','0503003','Debit','No','0503','LSG-2016123009','1','Active','C-HTT');
insert into t_Ledger (oid, ledgerName, mnemonic, ledgerCode, ledgerType, isBalanceSheetItem, ledgerSubGroupCode, ledgerSubGroupOid, versionId, status, companyOid) values ('LGR-2016121631','Executives Commissions','Executives Commissions','0503004','Debit','No','0503','LSG-2016123009','1','Active','C-HTT');
insert into t_Ledger (oid, ledgerName, mnemonic, ledgerCode, ledgerType, isBalanceSheetItem, ledgerSubGroupCode, ledgerSubGroupOid, versionId, status, companyOid) values ('LGR-2016121632','Costs of travel and training','Costs of travel and training','0503005','Debit','No','0503','LSG-2016123009','1','Active','C-HTT');
insert into t_Ledger (oid, ledgerName, mnemonic, ledgerCode, ledgerType, isBalanceSheetItem, ledgerSubGroupCode, ledgerSubGroupOid, versionId, status, companyOid) values ('LGR-2016121633','Depreciation Expense','Depreciation Expense','0503006','Debit','No','0503','LSG-2016123009','1','Active','C-HTT');
insert into t_Ledger (oid, ledgerName, mnemonic, ledgerCode, ledgerType, isBalanceSheetItem, ledgerSubGroupCode, ledgerSubGroupOid, versionId, status, companyOid) values ('LGR-2016121634','Other Expense','Other Expense','0503007','Debit','No','0503','LSG-2016123009','1','Active','C-HTT');
insert into t_Ledger (oid, ledgerName, mnemonic, ledgerCode, ledgerType, isBalanceSheetItem, ledgerSubGroupCode, ledgerSubGroupOid, versionId, status, companyOid) values ('LGR-2016121635','Discount Expense','Discount Expense','0503008','Debit','No','0502','LSG-2016123008','1','Active','C-HTT');
insert into t_Ledger (oid, ledgerName, mnemonic, ledgerCode, ledgerType, isBalanceSheetItem, ledgerSubGroupCode, ledgerSubGroupOid, versionId, status, companyOid) values ('LGR-2016121636','Store/shop rental','Store/shop rental','0504001','Debit','No','0504','LSG-2016123010','1','Active','C-HTT');
insert into t_Ledger (oid, ledgerName, mnemonic, ledgerCode, ledgerType, isBalanceSheetItem, ledgerSubGroupCode, ledgerSubGroupOid, versionId, status, companyOid) values ('LGR-2016121637','Store/shop maintenance','Store/shop maintenance','0504002','Debit','No','0504','LSG-2016123010','1','Active','C-HTT');
insert into t_Ledger (oid, ledgerName, mnemonic, ledgerCode, ledgerType, isBalanceSheetItem, ledgerSubGroupCode, ledgerSubGroupOid, versionId, status, companyOid) values ('LGR-2016121638','Sales Salaries','Sales Salaries','0504003','Debit','No','0504','LSG-2016123010','1','Active','C-HTT');
insert into t_Ledger (oid, ledgerName, mnemonic, ledgerCode, ledgerType, isBalanceSheetItem, ledgerSubGroupCode, ledgerSubGroupOid, versionId, status, companyOid) values ('LGR-2016121639','Sales Commissions','Sales Commissions','0504004','Debit','No','0504','LSG-2016123010','1','Active','C-HTT');
commit;


