-- ledger_group
insert into ledger_group (oid, ledger_group_code, ledger_group_name, ledger_group_type, balance_sheet_item, company_oid) values ('lg-demo-01','01','Asset','Debit','Yes','C-DEMO');
insert into ledger_group (oid, ledger_group_code, ledger_group_name, ledger_group_type, balance_sheet_item, company_oid) values ('lg-demo-02','02','Liabilites','Credit','Yes','C-DEMO');
insert into ledger_group (oid, ledger_group_code, ledger_group_name, ledger_group_type, balance_sheet_item, company_oid) values ('lg-demo-03','03','Equity','Credit','Yes','C-DEMO');
insert into ledger_group (oid, ledger_group_code, ledger_group_name, ledger_group_type, balance_sheet_item, company_oid) values ('lg-demo-04','04','Revenue','Credit','No','C-DEMO');
insert into ledger_group (oid, ledger_group_code, ledger_group_name, ledger_group_type, balance_sheet_item, company_oid) values ('lg-demo-05','05','Expense','Debit','No','C-DEMO');
commit;

-- ledger_subgroup
insert into ledger_subgroup (oid, ledger_subgroup_code, ledger_subgroup_name, ledger_subgroup_type, balance_sheet_item, ledger_group_oid, company_oid) values ('lsg-demo-0101','0101','Current Assets','Debit','Yes','lg-demo-01','C-DEMO');
insert into ledger_subgroup (oid, ledger_subgroup_code, ledger_subgroup_name, ledger_subgroup_type, balance_sheet_item, ledger_group_oid, company_oid) values ('lsg-demo-0102','0102','Fixed Assets','Debit','Yes','lg-demo-01','C-DEMO');
insert into ledger_subgroup (oid, ledger_subgroup_code, ledger_subgroup_name, ledger_subgroup_type, balance_sheet_item, ledger_group_oid, company_oid) values ('lsg-demo-0201','0201','Current Liabilites','Credit','Yes','lg-demo-02','C-DEMO');
insert into ledger_subgroup (oid, ledger_subgroup_code, ledger_subgroup_name, ledger_subgroup_type, balance_sheet_item, ledger_group_oid, company_oid) values ('lsg-demo-0301','0301','BOD Investments','Credit','Yes','lg-demo-03','C-DEMO');
insert into ledger_subgroup (oid, ledger_subgroup_code, ledger_subgroup_name, ledger_subgroup_type, balance_sheet_item, ledger_group_oid, company_oid) values ('lsg-demo-0401','0401','Revenue from Business','Credit','No','lg-demo-04','C-DEMO');
insert into ledger_subgroup (oid, ledger_subgroup_code, ledger_subgroup_name, ledger_subgroup_type, balance_sheet_item, ledger_group_oid, company_oid) values ('lsg-demo-0402','0402','Revenue from Investment','Credit','No','lg-demo-04','C-DEMO');
insert into ledger_subgroup (oid, ledger_subgroup_code, ledger_subgroup_name, ledger_subgroup_type, balance_sheet_item, ledger_group_oid, company_oid) values ('lsg-demo-0501','0501','Operating Expenses - General & Administrative','Debit','No','lg-demo-05','C-DEMO');
insert into ledger_subgroup (oid, ledger_subgroup_code, ledger_subgroup_name, ledger_subgroup_type, balance_sheet_item, ledger_group_oid, company_oid) values ('lsg-demo-0502','0502','Operating Expenses - Financial','Debit','No','lg-demo-05','C-DEMO');
insert into ledger_subgroup (oid, ledger_subgroup_code, ledger_subgroup_name, ledger_subgroup_type, balance_sheet_item, ledger_group_oid, company_oid) values ('lsg-demo-0503','0503','Operating Expenses - Operations','Debit','No','lg-demo-05','C-DEMO');
insert into ledger_subgroup (oid, ledger_subgroup_code, ledger_subgroup_name, ledger_subgroup_type, balance_sheet_item, ledger_group_oid, company_oid) values ('lsg-demo-0504','0504','Operating Expenses - Remuneration & Salary','Debit','No','lg-demo-05','C-DEMO');
commit;

-- ledger
insert into ledger (oid, ledger_code, ledger_name, mnemonic, ledger_type, balance_sheet_item, ledger_balance, ledger_subgroup_oid, company_oid) values ('lg-demo-0101001','0101001','Cash','Cash','Debit','Yes',0,'lsg-demo-0101','C-DEMO');
insert into ledger (oid, ledger_code, ledger_name, mnemonic, ledger_type, balance_sheet_item, ledger_balance, ledger_subgroup_oid, company_oid) values ('lg-demo-0102001','0102001','Office Furnitures','Office Furnitures','Debit','Yes',0,'lsg-demo-0102','C-DEMO');
insert into ledger (oid, ledger_code, ledger_name, mnemonic, ledger_type, balance_sheet_item, ledger_balance, ledger_subgroup_oid, company_oid) values ('lg-demo-0101002','0101002','Accounts Receivables','Accounts Receivables','Debit','Yes',0,'lsg-demo-0101','C-DEMO');
insert into ledger (oid, ledger_code, ledger_name, mnemonic, ledger_type, balance_sheet_item, ledger_balance, ledger_subgroup_oid, company_oid) values ('lg-demo-0101003','0101003','Cash in Bank','Cash in Bank','Debit','Yes',0,'lsg-demo-0101','C-DEMO');
insert into ledger (oid, ledger_code, ledger_name, mnemonic, ledger_type, balance_sheet_item, ledger_balance, ledger_subgroup_oid, company_oid) values ('lg-demo-0101004','0101004','Vendor Credit','Vendor Credit','Debit','Yes',0,'lsg-demo-0101','C-DEMO');
insert into ledger (oid, ledger_code, ledger_name, mnemonic, ledger_type, balance_sheet_item, ledger_balance, ledger_subgroup_oid, company_oid) values ('lg-demo-0102002','0102002','Office Equipment','Office Equipment','Debit','Yes',0,'lsg-demo-0102','C-DEMO');
insert into ledger (oid, ledger_code, ledger_name, mnemonic, ledger_type, balance_sheet_item, ledger_balance, ledger_subgroup_oid, company_oid) values ('lg-demo-0102003','0102003','Office Stationery','Office Stationery','Debit','Yes',0,'lsg-demo-0102','C-DEMO');
insert into ledger (oid, ledger_code, ledger_name, mnemonic, ledger_type, balance_sheet_item, ledger_balance, ledger_subgroup_oid, company_oid) values ('lg-demo-0102004','0102004','Inventory','Inventory','Debit','Yes',0,'lsg-demo-0102','C-DEMO');
insert into ledger (oid, ledger_code, ledger_name, mnemonic, ledger_type, balance_sheet_item, ledger_balance, ledger_subgroup_oid, company_oid) values ('lg-demo-0102005','0102005','Adjustment of Supplier Balance','Adjustment of Supplier Balance','Debit','Yes',0,'lsg-demo-0102','C-DEMO');
insert into ledger (oid, ledger_code, ledger_name, mnemonic, ledger_type, balance_sheet_item, ledger_balance, ledger_subgroup_oid, company_oid) values ('lg-demo-0201001','0201001','Advance','Advance','Credit','Yes',0,'lsg-demo-0201','C-DEMO');
insert into ledger (oid, ledger_code, ledger_name, mnemonic, ledger_type, balance_sheet_item, ledger_balance, ledger_subgroup_oid, company_oid) values ('lg-demo-0201002','0201002','Short term Loan','Short term Loan','Credit','Yes',0,'lsg-demo-0201','C-DEMO');
insert into ledger (oid, ledger_code, ledger_name, mnemonic, ledger_type, balance_sheet_item, ledger_balance, ledger_subgroup_oid, company_oid) values ('lg-demo-0201003','0201003','Accounts Payables','ACPayable','Credit','Yes',0,'lsg-demo-0201','C-DEMO');
insert into ledger (oid, ledger_code, ledger_name, mnemonic, ledger_type, balance_sheet_item, ledger_balance, ledger_subgroup_oid, company_oid) values ('lg-demo-0201004','0201004','Tax Payable','Tax Payable','Credit','Yes',0,'lsg-demo-0201','C-DEMO');
insert into ledger (oid, ledger_code, ledger_name, mnemonic, ledger_type, balance_sheet_item, ledger_balance, ledger_subgroup_oid, company_oid) values ('lg-demo-0201005','0201005','Credit Note','Credit Note','Credit','Yes',0,'lsg-demo-0201','C-DEMO');
insert into ledger (oid, ledger_code, ledger_name, mnemonic, ledger_type, balance_sheet_item, ledger_balance, ledger_subgroup_oid, company_oid) values ('lg-demo-0301001','0301001','BOD Investment','BODInvestment','Credit','Yes',0,'lsg-demo-0301','C-DEMO');
insert into ledger (oid, ledger_code, ledger_name, mnemonic, ledger_type, balance_sheet_item, ledger_balance, ledger_subgroup_oid, company_oid) values ('lg-demo-0301002','0301002','Retained Earning','RetainedEarning','Credit','Yes',0,'lsg-demo-0301','C-DEMO');
insert into ledger (oid, ledger_code, ledger_name, mnemonic, ledger_type, balance_sheet_item, ledger_balance, ledger_subgroup_oid, company_oid) values ('lg-demo-0301003','0301003','Discount Earned','Discount earned','Credit','Yes',0,'lsg-demo-0301','C-DEMO');
insert into ledger (oid, ledger_code, ledger_name, mnemonic, ledger_type, balance_sheet_item, ledger_balance, ledger_subgroup_oid, company_oid) values ('lg-demo-0301004','0301004','Owners Equity','Owners Equity','Credit','Yes',0,'lsg-demo-0301','C-DEMO');
insert into ledger (oid, ledger_code, ledger_name, mnemonic, ledger_type, balance_sheet_item, ledger_balance, ledger_subgroup_oid, company_oid) values ('lg-demo-0301005','0301005','Adjustment Of Customer Balance','Adjustment Of Customer  Balance','Credit','Yes',0,'lsg-demo-0301','C-DEMO');
insert into ledger (oid, ledger_code, ledger_name, mnemonic, ledger_type, balance_sheet_item, ledger_balance, ledger_subgroup_oid, company_oid) values ('lg-demo-0401001','0401001','Sales Revenue Software','SalesRevenue','Credit','No',0,'lsg-demo-0401','C-DEMO');
insert into ledger (oid, ledger_code, ledger_name, mnemonic, ledger_type, balance_sheet_item, ledger_balance, ledger_subgroup_oid, company_oid) values ('lg-demo-0401002','0401002','Revenue from Business','Revenue from Business','Credit','No',0,'lsg-demo-0401','C-DEMO');
insert into ledger (oid, ledger_code, ledger_name, mnemonic, ledger_type, balance_sheet_item, ledger_balance, ledger_subgroup_oid, company_oid) values ('lg-demo-0402003','0402003','Revenue from Investment','Revenue from Investment','Credit','No',0,'lsg-demo-0402','C-DEMO');
insert into ledger (oid, ledger_code, ledger_name, mnemonic, ledger_type, balance_sheet_item, ledger_balance, ledger_subgroup_oid, company_oid) values ('lg-demo-0501001','0501001','Entertainment','Entertainment','Debit','No',0,'lsg-demo-0501','C-DEMO');
insert into ledger (oid, ledger_code, ledger_name, mnemonic, ledger_type, balance_sheet_item, ledger_balance, ledger_subgroup_oid, company_oid) values ('lg-demo-0501002','0501002','Furniture & Fixture','Furniture & Fixture','Debit','No',0,'lsg-demo-0501','C-DEMO');
insert into ledger (oid, ledger_code, ledger_name, mnemonic, ledger_type, balance_sheet_item, ledger_balance, ledger_subgroup_oid, company_oid) values ('lg-demo-0501003','0501003','Office Equipment','Office Equipment','Debit','No',0,'lsg-demo-0501','C-DEMO');
insert into ledger (oid, ledger_code, ledger_name, mnemonic, ledger_type, balance_sheet_item, ledger_balance, ledger_subgroup_oid, company_oid) values ('lg-demo-0501004','0501004','Office Rent','Office Rent','Debit','No',0,'lsg-demo-0501','C-DEMO');
insert into ledger (oid, ledger_code, ledger_name, mnemonic, ledger_type, balance_sheet_item, ledger_balance, ledger_subgroup_oid, company_oid) values ('lg-demo-0501005','0501005','Parking Charge','Parking Charge','Debit','No',0,'lsg-demo-0501','C-DEMO');
insert into ledger (oid, ledger_code, ledger_name, mnemonic, ledger_type, balance_sheet_item, ledger_balance, ledger_subgroup_oid, company_oid) values ('lg-demo-0501006','0501006','Professional Services','Professional Services','Debit','No',0,'lsg-demo-0501','C-DEMO');
insert into ledger (oid, ledger_code, ledger_name, mnemonic, ledger_type, balance_sheet_item, ledger_balance, ledger_subgroup_oid, company_oid) values ('lg-demo-0501007','0501007','Repair & Maintenance','Repair & Maintenance','Debit','No',0,'lsg-demo-0501','C-DEMO');
insert into ledger (oid, ledger_code, ledger_name, mnemonic, ledger_type, balance_sheet_item, ledger_balance, ledger_subgroup_oid, company_oid) values ('lg-demo-0501008','0501008','Service Charge','Service Charge','Debit','No',0,'lsg-demo-0501','C-DEMO');
insert into ledger (oid, ledger_code, ledger_name, mnemonic, ledger_type, balance_sheet_item, ledger_balance, ledger_subgroup_oid, company_oid) values ('lg-demo-0501009','0501009','Service Rental/Outsourcing','Service Rental/Outsourcing','Debit','No',0,'lsg-demo-0501','C-DEMO');
insert into ledger (oid, ledger_code, ledger_name, mnemonic, ledger_type, balance_sheet_item, ledger_balance, ledger_subgroup_oid, company_oid) values ('lg-demo-0501010','0501010','Utility - Electricity','Utility - Electricity','Debit','No',0,'lsg-demo-0501','C-DEMO');
insert into ledger (oid, ledger_code, ledger_name, mnemonic, ledger_type, balance_sheet_item, ledger_balance, ledger_subgroup_oid, company_oid) values ('lg-demo-0501011','0501011','Utility - Gas','Utility - Gas','Debit','No',0,'lsg-demo-0501','C-DEMO');
insert into ledger (oid, ledger_code, ledger_name, mnemonic, ledger_type, balance_sheet_item, ledger_balance, ledger_subgroup_oid, company_oid) values ('lg-demo-0501012','0501012','Utility - Telecom/Datacom','Utility - Telecom/Datacom','Debit','No',0,'lsg-demo-0501','C-DEMO');
insert into ledger (oid, ledger_code, ledger_name, mnemonic, ledger_type, balance_sheet_item, ledger_balance, ledger_subgroup_oid, company_oid) values ('lg-demo-0501013','0501013','Utility - Water','Utility - Water','Debit','No',0,'lsg-demo-0501','C-DEMO');
insert into ledger (oid, ledger_code, ledger_name, mnemonic, ledger_type, balance_sheet_item, ledger_balance, ledger_subgroup_oid, company_oid) values ('lg-demo-0501014','0501014','Miscellaneous Expenses','Miscellaneous Expenses','Debit','No',0,'lsg-demo-0501','C-DEMO');
insert into ledger (oid, ledger_code, ledger_name, mnemonic, ledger_type, balance_sheet_item, ledger_balance, ledger_subgroup_oid, company_oid) values ('lg-demo-0502001','0502001','AIT','AIT','Debit','No',0,'lsg-demo-0502','C-DEMO');
insert into ledger (oid, ledger_code, ledger_name, mnemonic, ledger_type, balance_sheet_item, ledger_balance, ledger_subgroup_oid, company_oid) values ('lg-demo-0502002','0502002','Bank Charge','Bank Charge','Debit','No',0,'lsg-demo-0502','C-DEMO');
insert into ledger (oid, ledger_code, ledger_name, mnemonic, ledger_type, balance_sheet_item, ledger_balance, ledger_subgroup_oid, company_oid) values ('lg-demo-0502003','0502003','Bank Interest','Bank Interest','Debit','No',0,'lsg-demo-0502','C-DEMO');
insert into ledger (oid, ledger_code, ledger_name, mnemonic, ledger_type, balance_sheet_item, ledger_balance, ledger_subgroup_oid, company_oid) values ('lg-demo-0502004','0502004','VAT','VAT','Debit','No',0,'lsg-demo-0502','C-DEMO');
insert into ledger (oid, ledger_code, ledger_name, mnemonic, ledger_type, balance_sheet_item, ledger_balance, ledger_subgroup_oid, company_oid) values ('lg-demo-0503001','0503001','Branding & Positioning','Branding & Positioning','Debit','No',0,'lsg-demo-0503','C-DEMO');
insert into ledger (oid, ledger_code, ledger_name, mnemonic, ledger_type, balance_sheet_item, ledger_balance, ledger_subgroup_oid, company_oid) values ('lg-demo-0503002','0503002','Business Development','Business Development','Debit','No',0,'lsg-demo-0503','C-DEMO');
insert into ledger (oid, ledger_code, ledger_name, mnemonic, ledger_type, balance_sheet_item, ledger_balance, ledger_subgroup_oid, company_oid) values ('lg-demo-0503003','0503003','Conveyance','Conveyance','Debit','No',0,'lsg-demo-0503','C-DEMO');
insert into ledger (oid, ledger_code, ledger_name, mnemonic, ledger_type, balance_sheet_item, ledger_balance, ledger_subgroup_oid, company_oid) values ('lg-demo-0503004','0503004','License & Renewal Fees','License & Renewal Fees','Debit','No',0,'lsg-demo-0503','C-DEMO');
insert into ledger (oid, ledger_code, ledger_name, mnemonic, ledger_type, balance_sheet_item, ledger_balance, ledger_subgroup_oid, company_oid) values ('lg-demo-0503005','0503005','Office Stationery','Office Stationery','Debit','No',0,'lsg-demo-0503','C-DEMO');
insert into ledger (oid, ledger_code, ledger_name, mnemonic, ledger_type, balance_sheet_item, ledger_balance, ledger_subgroup_oid, company_oid) values ('lg-demo-0503006','0503006','Printing & Postage','Printing & Postage','Debit','No',0,'lsg-demo-0503','C-DEMO');
insert into ledger (oid, ledger_code, ledger_name, mnemonic, ledger_type, balance_sheet_item, ledger_balance, ledger_subgroup_oid, company_oid) values ('lg-demo-0503007','0503007','Professional Fees','Professional Fees','Debit','No',0,'lsg-demo-0503','C-DEMO');
insert into ledger (oid, ledger_code, ledger_name, mnemonic, ledger_type, balance_sheet_item, ledger_balance, ledger_subgroup_oid, company_oid) values ('lg-demo-0503008','0503008','Subscription Fees','Subscription Fees','Debit','No',0,'lsg-demo-0503','C-DEMO');
insert into ledger (oid, ledger_code, ledger_name, mnemonic, ledger_type, balance_sheet_item, ledger_balance, ledger_subgroup_oid, company_oid) values ('lg-demo-0503009','0503009','Tours & Travels','Tours & Travels','Debit','No',0,'lsg-demo-0503','C-DEMO');
insert into ledger (oid, ledger_code, ledger_name, mnemonic, ledger_type, balance_sheet_item, ledger_balance, ledger_subgroup_oid, company_oid) values ('lg-demo-0503010','0503010','Training Expenses','Training Expenses','Debit','No',0,'lsg-demo-0503','C-DEMO');
insert into ledger (oid, ledger_code, ledger_name, mnemonic, ledger_type, balance_sheet_item, ledger_balance, ledger_subgroup_oid, company_oid) values ('lg-demo-0504001','0504001','Consultant Remuneration','Consultant Remuneration','Debit','No',0,'lsg-demo-0504','C-DEMO');
insert into ledger (oid, ledger_code, ledger_name, mnemonic, ledger_type, balance_sheet_item, ledger_balance, ledger_subgroup_oid, company_oid) values ('lg-demo-0504002','0504002','Director Remuneration','Director Remuneration','Debit','No',0,'lsg-demo-0504','C-DEMO');
insert into ledger (oid, ledger_code, ledger_name, mnemonic, ledger_type, balance_sheet_item, ledger_balance, ledger_subgroup_oid, company_oid) values ('lg-demo-0504003','0504003','Staff Incentive','Staff Incentive','Debit','No',0,'lsg-demo-0504','C-DEMO');
insert into ledger (oid, ledger_code, ledger_name, mnemonic, ledger_type, balance_sheet_item, ledger_balance, ledger_subgroup_oid, company_oid) values ('lg-demo-0504004','0504004','Staff Loan','Staff Loan','Debit','No',0,'lsg-demo-0504','C-DEMO');
insert into ledger (oid, ledger_code, ledger_name, mnemonic, ledger_type, balance_sheet_item, ledger_balance, ledger_subgroup_oid, company_oid) values ('lg-demo-0504005','0504005','Staff Grant','Staff Grant','Debit','No',0,'lsg-demo-0504','C-DEMO');
insert into ledger (oid, ledger_code, ledger_name, mnemonic, ledger_type, balance_sheet_item, ledger_balance, ledger_subgroup_oid, company_oid) values ('lg-demo-0504006','0504006','Staff Salary','Staff Salary','Debit','No',0,'lsg-demo-0504','C-DEMO');
insert into ledger (oid, ledger_code, ledger_name, mnemonic, ledger_type, balance_sheet_item, ledger_balance, ledger_subgroup_oid, company_oid) values ('lg-demo-0504007','0504007','Staff Festival Bonus','Staff Festival Bonus','Debit','No',0,'lsg-demo-0504','C-DEMO');
insert into ledger (oid, ledger_code, ledger_name, mnemonic, ledger_type, balance_sheet_item, ledger_balance, ledger_subgroup_oid, company_oid) values ('lg-demo-0504008','0504008','Staff Performance Bonus','Staff Performance Bonus','Debit','No',0,'lsg-demo-0504','C-DEMO');
commit;


