set client_min_messages = warning;
create table                   Calendar
(
oid                            varchar(128)                                                not null,
yearEn                         numeric(4,0)                                                not null,
yearBn                         varchar(64)                                                 not null,
nameEn                         varchar(64)                                                 not null,
nameBn                         varchar(64)                                                 not null,
serialNo                       numeric(5,0)                                                not null,
sortOrder                      numeric(5,0)                                                not null,
constraint                     pk_Calendar                                                 primary key    (oid)
);

create table                   CalendarDetail
(
oid                            varchar(128)                                                not null,
yearValue                      numeric(4,0)                                                not null,
quarterValue                   numeric(1,0)                                                not null,
monthValue                     numeric(2,0)                                                not null,
weekOfMonthValue               numeric(1,0)                                                not null,
weekOfYearValue                numeric(2,0)                                                not null,
dayValue                       numeric(2,0)                                                not null,
dayOfYearValue                 numeric(3,0)                                                not null,
dayOfWeekValue                 numeric(1,0)                                                not null,
quarterString                  varchar(2)                                                  not null,
monthString                    varchar(10)                                                 not null,
dayString                      varchar(10)                                                 not null,
constraint                     pk_CalendarDetail                                           primary key    (oid)
);


create table                   Division
(
oid                            varchar(128)                                                not null,
divisionCode                   varchar(32)                                                 not null,
nameEn                         varchar(128)                                                not null,
nameBn                         varchar(128),
constraint                     pk_Division                                                 primary key    (oid),
constraint                     uk_divisionCode_Division                                    unique         (divisionCode),
constraint                     uk_nameEn_Division                                          unique         (nameEn)
);

create table                   District
(
oid                            varchar(128)                                                not null,
districtCode                   varchar(32)                                                 not null,
nameEn                         varchar(128)                                                not null,
nameBn                         varchar(128),
divisionOid                    varchar(128)                                                not null,
constraint                     pk_District                                                 primary key    (oid),
constraint                     uk_districtCode_District                                    unique         (districtCode),
constraint                     uk_nameEn_District                                          unique         (nameEn),
constraint                     fk_divisionOid_District                                     foreign key    (divisionOid)
                                                                                           references     Division(oid)
);

create table                   Thana
(
oid                            varchar(128)                                                not null,
thanaCode                      varchar(32)                                                 not null,
nameEn                         varchar(128)                                                not null,
nameBn                         varchar(128),
districtOid                    varchar(64)                                                 not null,
constraint                     pk_Thana                                                    primary key    (oid),
constraint                     uk_thanaCode_Thana                                          unique         (thanaCode),
constraint                     fk_districtOid_Thana                                        foreign key    (districtOid)
                                                                                           references     District(oid)
);

create table                   PostOffice
(
oid                            varchar(128)                                                not null,
postCode                       varchar(32)                                                 not null,
nameEn                         varchar(128)                                                not null,
nameBn                         varchar(128),
thanaOid                       varchar(64)                                                 not null,
constraint                     pk_PostOffice                                               primary key    (oid),
constraint                     uk_postCode_PostOffice                                      unique         (postCode),
constraint                     fk_thanaOid_PostOffice                                      foreign key    (thanaOid)
                                                                                           references     Thana(oid)
);


create table                   CompanyCalendar
(
oid                            varchar(128)                                                not null,
status                         varchar(64),
reason                         text,
mobileBillStatus               varchar(64),
calendarOid                    varchar(128)                                                not null,
companyOid                     varchar(128)                                                not null,
createdOn                      timestamp                                                   not null       default current_timestamp,
createdBy                      varchar(64)                                                 not null       default 'System',
editedOn                       timestamp,
editedBy                       varchar(64),
constraint                     pk_CompanyCalendar                                          primary key    (oid),
constraint                     fk_calendarOid_CompanyCalendar                              foreign key    (calendarOid)
                                                                                           references     Calendar(oid),
constraint                     fk_companyOid_CompanyCalendar                               foreign key    (companyOid)
                                                                                           references     Company(oid)
);



-- Calendar
insert into Calendar (oid, yearEn, yearBn, nameEn, nameBn, serialNo, sortOrder) values ('2019-January','2019','২০১৯','January','জানুয়ারী','1','1');
insert into Calendar (oid, yearEn, yearBn, nameEn, nameBn, serialNo, sortOrder) values ('2019-February','2019','২০১৯','February','ফেব্রুয়ারি','2','2');
insert into Calendar (oid, yearEn, yearBn, nameEn, nameBn, serialNo, sortOrder) values ('2019-March','2019','২০১৯','March','মার্চ','3','3');
insert into Calendar (oid, yearEn, yearBn, nameEn, nameBn, serialNo, sortOrder) values ('2019-April','2019','২০১৯','April','এপ্রিল','4','4');
insert into Calendar (oid, yearEn, yearBn, nameEn, nameBn, serialNo, sortOrder) values ('2019-May','2019','২০১৯','May','মে','5','5');
insert into Calendar (oid, yearEn, yearBn, nameEn, nameBn, serialNo, sortOrder) values ('2019-June','2019','২০১৯','June','জুন','6','6');
insert into Calendar (oid, yearEn, yearBn, nameEn, nameBn, serialNo, sortOrder) values ('2019-July','2019','২০১৯','July','জুলাই','7','7');
insert into Calendar (oid, yearEn, yearBn, nameEn, nameBn, serialNo, sortOrder) values ('2019-August','2019','২০১৯','August','অগাস্ট','8','8');
insert into Calendar (oid, yearEn, yearBn, nameEn, nameBn, serialNo, sortOrder) values ('2019-September','2019','২০১৯','September','সেপ্টেম্বর','9','9');
insert into Calendar (oid, yearEn, yearBn, nameEn, nameBn, serialNo, sortOrder) values ('2019-October','2019','২০১৯','October','অক্টোবর','10','10');
insert into Calendar (oid, yearEn, yearBn, nameEn, nameBn, serialNo, sortOrder) values ('2019-November','2019','২০১৯','November','নভেম্বর','11','11');
insert into Calendar (oid, yearEn, yearBn, nameEn, nameBn, serialNo, sortOrder) values ('2019-December','2019','২০১৯','December','ডিসেম্বর','12','12');
insert into Calendar (oid, yearEn, yearBn, nameEn, nameBn, serialNo, sortOrder) values ('2020-January','2020','২০২০','January','জানুয়ারী','1','13');
insert into Calendar (oid, yearEn, yearBn, nameEn, nameBn, serialNo, sortOrder) values ('2020-February','2020','২০২০','February','ফেব্রুয়ারি','2','14');
insert into Calendar (oid, yearEn, yearBn, nameEn, nameBn, serialNo, sortOrder) values ('2020-March','2020','২০২০','March','মার্চ','3','15');
insert into Calendar (oid, yearEn, yearBn, nameEn, nameBn, serialNo, sortOrder) values ('2020-April','2020','২০২০','April','এপ্রিল','4','16');
insert into Calendar (oid, yearEn, yearBn, nameEn, nameBn, serialNo, sortOrder) values ('2020-May','2020','২০২০','May','মে','5','17');
insert into Calendar (oid, yearEn, yearBn, nameEn, nameBn, serialNo, sortOrder) values ('2020-June','2020','২০২০','June','জুন','6','18');
insert into Calendar (oid, yearEn, yearBn, nameEn, nameBn, serialNo, sortOrder) values ('2020-July','2020','২০২০','July','জুলাই','7','19');
insert into Calendar (oid, yearEn, yearBn, nameEn, nameBn, serialNo, sortOrder) values ('2020-August','2020','২০২০','August','অগাস্ট','8','20');
insert into Calendar (oid, yearEn, yearBn, nameEn, nameBn, serialNo, sortOrder) values ('2020-September','2020','২০২০','September','সেপ্টেম্বর','9','21');
insert into Calendar (oid, yearEn, yearBn, nameEn, nameBn, serialNo, sortOrder) values ('2020-October','2020','২০২০','October','অক্টোবর','10','22');
insert into Calendar (oid, yearEn, yearBn, nameEn, nameBn, serialNo, sortOrder) values ('2020-November','2020','২০২০','November','নভেম্বর','11','23');
insert into Calendar (oid, yearEn, yearBn, nameEn, nameBn, serialNo, sortOrder) values ('2020-December','2020','২০২০','December','ডিসেম্বর','12','24');

-- Division
insert into Division (oid, divisionCode, nameEn, nameBn) values ('DIV_01','BAR','Barisal','বরিশাল');
insert into Division (oid, divisionCode, nameEn, nameBn) values ('DIV_02','CHITTA','Chittagong','চট্টগ্রাম');
insert into Division (oid, divisionCode, nameEn, nameBn) values ('DIV_03','DHK','Dhaka','ঢাকা');
insert into Division (oid, divisionCode, nameEn, nameBn) values ('DIV_04','KHU','Khulna','খুলনা');
insert into Division (oid, divisionCode, nameEn, nameBn) values ('DIV_05','RAJ','Rajshahi','রাজশাহী');
insert into Division (oid, divisionCode, nameEn, nameBn) values ('DIV_06','RA','Rangpur','রংপুর');
insert into Division (oid, divisionCode, nameEn, nameBn) values ('DIV_07','SYL','Sylhet','সিলেট');

-- District
insert into District (oid, districtCode, nameEn, nameBn, divisionOid) values ('Dist-1','Dhaka','Dhaka','ঢাকা','DIV_03');
insert into District (oid, districtCode, nameEn, nameBn, divisionOid) values ('Dist-10','Mymensingh','Mymensingh','ময়মনসিংহ','DIV_03');
insert into District (oid, districtCode, nameEn, nameBn, divisionOid) values ('Dist-11','Narayanganj','Narayanganj','নারায়ণগঞ্জ','DIV_03');
insert into District (oid, districtCode, nameEn, nameBn, divisionOid) values ('Dist-12','Narshingdi','Narshingdi','নরসিংদী','DIV_03');
insert into District (oid, districtCode, nameEn, nameBn, divisionOid) values ('Dist-13','Netrakona','Netrakona','নেত্রকোনা','DIV_03');
insert into District (oid, districtCode, nameEn, nameBn, divisionOid) values ('Dist-14','Rajbari','Rajbari','রাজবাড়ী','DIV_03');
insert into District (oid, districtCode, nameEn, nameBn, divisionOid) values ('Dist-15','Shariatpur','Shariatpur','শরীয়তপুর','DIV_03');
insert into District (oid, districtCode, nameEn, nameBn, divisionOid) values ('Dist-16','Sherpur','Sherpur','শেরপুর','DIV_03');
insert into District (oid, districtCode, nameEn, nameBn, divisionOid) values ('Dist-17','Tangail','Tangail','টাঙ্গাইল','DIV_03');
insert into District (oid, districtCode, nameEn, nameBn, divisionOid) values ('Dist-18','Bandarban','Bandarban','বান্দরবান','DIV_02');
insert into District (oid, districtCode, nameEn, nameBn, divisionOid) values ('Dist-19','Brahmanbaria','Brahmanbaria','ব্রাহ্মণবাড়িয়া','DIV_02');
insert into District (oid, districtCode, nameEn, nameBn, divisionOid) values ('Dist-2','Faridpur','Faridpur','ফরিদপুর','DIV_03');
insert into District (oid, districtCode, nameEn, nameBn, divisionOid) values ('Dist-20','Chandpur','Chandpur','চাঁদপুর','DIV_02');
insert into District (oid, districtCode, nameEn, nameBn, divisionOid) values ('Dist-21','Chittagong','Chittagong','চট্টগ্রাম','DIV_02');
insert into District (oid, districtCode, nameEn, nameBn, divisionOid) values ('Dist-22','Comilla','Comilla','কুমিল্লা','DIV_02');
insert into District (oid, districtCode, nameEn, nameBn, divisionOid) values ('Dist-23','Cox’s Bazar','Cox’s Bazar','কক্সবাজার','DIV_02');
insert into District (oid, districtCode, nameEn, nameBn, divisionOid) values ('Dist-24','Feni','Feni','ফেনী','DIV_02');
insert into District (oid, districtCode, nameEn, nameBn, divisionOid) values ('Dist-25','Khagrachari','Khagrachari','খাগড়াছড়ি','DIV_02');
insert into District (oid, districtCode, nameEn, nameBn, divisionOid) values ('Dist-26','Lakshmipur','Lakshmipur','লক্ষ্মীপুর','DIV_02');
insert into District (oid, districtCode, nameEn, nameBn, divisionOid) values ('Dist-27','Noakhali','Noakhali','নোয়াখালী','DIV_02');
insert into District (oid, districtCode, nameEn, nameBn, divisionOid) values ('Dist-28','Rangamati','Rangamati','রাঙ্গামাটি','DIV_02');
insert into District (oid, districtCode, nameEn, nameBn, divisionOid) values ('Dist-29','Chuadanga','Chuadanga','চুয়াডাঙ্গা','DIV_04');
insert into District (oid, districtCode, nameEn, nameBn, divisionOid) values ('Dist-3','Gazipur','Gazipur','গাজীপুর','DIV_03');
insert into District (oid, districtCode, nameEn, nameBn, divisionOid) values ('Dist-30','IBH WAs Here','IBH WAs Here','IBH এখানে ছিল','DIV_04');
insert into District (oid, districtCode, nameEn, nameBn, divisionOid) values ('Dist-31','Jessore','Jessore','যশোর','DIV_04');
insert into District (oid, districtCode, nameEn, nameBn, divisionOid) values ('Dist-32','Jinaidaha','Jinaidaha','ঝিনাইদহ','DIV_04');
insert into District (oid, districtCode, nameEn, nameBn, divisionOid) values ('Dist-33','Khulna','Khulna','খুলনা','DIV_04');
insert into District (oid, districtCode, nameEn, nameBn, divisionOid) values ('Dist-34','Kustia','Kustia','কুষ্টিয়া','DIV_04');
insert into District (oid, districtCode, nameEn, nameBn, divisionOid) values ('Dist-35','Magura','Magura','মাগুরা','DIV_04');
insert into District (oid, districtCode, nameEn, nameBn, divisionOid) values ('Dist-36','Meherpur','Meherpur','মেহেরপুর','DIV_04');
insert into District (oid, districtCode, nameEn, nameBn, divisionOid) values ('Dist-37','Narail','Narail','নড়াইল','DIV_04');
insert into District (oid, districtCode, nameEn, nameBn, divisionOid) values ('Dist-38','Satkhira','Satkhira','সাতক্ষীরা','DIV_04');
insert into District (oid, districtCode, nameEn, nameBn, divisionOid) values ('Dist-39','Hobiganj','Hobiganj','হবিগঞ্জ','DIV_07');
insert into District (oid, districtCode, nameEn, nameBn, divisionOid) values ('Dist-4','Gopalganj','Gopalganj','গোপালগঞ্জ','DIV_03');
insert into District (oid, districtCode, nameEn, nameBn, divisionOid) values ('Dist-40','Moulvibazar','Moulvibazar','মৌলভীবাজার','DIV_07');
insert into District (oid, districtCode, nameEn, nameBn, divisionOid) values ('Dist-41','Sunamganj','Sunamganj','সুনামগঞ্জ','DIV_07');
insert into District (oid, districtCode, nameEn, nameBn, divisionOid) values ('Dist-42','Sylhet','Sylhet','সিলেট','DIV_07');
insert into District (oid, districtCode, nameEn, nameBn, divisionOid) values ('Dist-43','Barguna','Barguna','বরগুনা','DIV_01');
insert into District (oid, districtCode, nameEn, nameBn, divisionOid) values ('Dist-44','Barishal','Barishal','বরিশাল','DIV_01');
insert into District (oid, districtCode, nameEn, nameBn, divisionOid) values ('Dist-45','Bhola','Bhola','ভোলা','DIV_01');
insert into District (oid, districtCode, nameEn, nameBn, divisionOid) values ('Dist-46','Jhalokathi','Jhalokathi','ঝালকাঠি','DIV_01');
insert into District (oid, districtCode, nameEn, nameBn, divisionOid) values ('Dist-47','Patuakhali','Patuakhali','পটুয়াখালী','DIV_01');
insert into District (oid, districtCode, nameEn, nameBn, divisionOid) values ('Dist-48','Pirojpur','Pirojpur','পিরোজপুর','DIV_01');
insert into District (oid, districtCode, nameEn, nameBn, divisionOid) values ('Dist-49','Bogra','Bogra','বগুড়া','DIV_05');
insert into District (oid, districtCode, nameEn, nameBn, divisionOid) values ('Dist-5','Jamalpur','Jamalpur','জামালপুর','DIV_03');
insert into District (oid, districtCode, nameEn, nameBn, divisionOid) values ('Dist-50','Chapinawabganj','Chapinawabganj','চাঁপাইনবাবগঞ্জ','DIV_05');
insert into District (oid, districtCode, nameEn, nameBn, divisionOid) values ('Dist-51','Joypurhat','Joypurhat','জয়পুরহাট','DIV_05');
insert into District (oid, districtCode, nameEn, nameBn, divisionOid) values ('Dist-52','Naogaon','Naogaon','নওগাঁ','DIV_05');
insert into District (oid, districtCode, nameEn, nameBn, divisionOid) values ('Dist-53','Natore','Natore','নাটোর','DIV_05');
insert into District (oid, districtCode, nameEn, nameBn, divisionOid) values ('Dist-54','Pabna','Pabna','পাবনা','DIV_05');
insert into District (oid, districtCode, nameEn, nameBn, divisionOid) values ('Dist-55','Rajshahi','Rajshahi','রাজশাহী','DIV_05');
insert into District (oid, districtCode, nameEn, nameBn, divisionOid) values ('Dist-56','Sirajganj','Sirajganj','সিরাজগঞ্জ','DIV_05');
insert into District (oid, districtCode, nameEn, nameBn, divisionOid) values ('Dist-57','Dinajpur','Dinajpur','দিনাজপুর','DIV_06');
insert into District (oid, districtCode, nameEn, nameBn, divisionOid) values ('Dist-58','Gaibandha','Gaibandha','গাইবান্ধা','DIV_06');
insert into District (oid, districtCode, nameEn, nameBn, divisionOid) values ('Dist-59','Kurigram','Kurigram','কুড়িগ্রাম','DIV_06');
insert into District (oid, districtCode, nameEn, nameBn, divisionOid) values ('Dist-6','Kishoreganj','Kishoreganj','কিশোরগঞ্জ','DIV_03');
insert into District (oid, districtCode, nameEn, nameBn, divisionOid) values ('Dist-60','Lalmonirhat','Lalmonirhat','লালমনিরহাট','DIV_06');
insert into District (oid, districtCode, nameEn, nameBn, divisionOid) values ('Dist-61','Nilphamari','Nilphamari','নীলফামারী','DIV_06');
insert into District (oid, districtCode, nameEn, nameBn, divisionOid) values ('Dist-62','Panchagarh','Panchagarh','পঞ্চগড়','DIV_06');
insert into District (oid, districtCode, nameEn, nameBn, divisionOid) values ('Dist-63','Rangpur','Rangpur','রংপুর','DIV_06');
insert into District (oid, districtCode, nameEn, nameBn, divisionOid) values ('Dist-64','Thakurgaon','Thakurgaon','ঠাকুরগাঁও','DIV_06');
insert into District (oid, districtCode, nameEn, nameBn, divisionOid) values ('Dist-7','Madaripur','Madaripur','মাদারীপুর','DIV_03');
insert into District (oid, districtCode, nameEn, nameBn, divisionOid) values ('Dist-8','Manikganj','Manikganj','মানিকগঞ্জ','DIV_03');
insert into District (oid, districtCode, nameEn, nameBn, divisionOid) values ('Dist-9','Munshiganj','Munshiganj','মুন্সিগঞ্জ','DIV_03');

-- Thana
insert into Thana (oid, thanaCode, nameEn, nameBn, districtOid) values ('Thana-1','1','Demra','ডেমরা','Dist-1');
insert into Thana (oid, thanaCode, nameEn, nameBn, districtOid) values ('Thana-10','10','Khilkhet','খিলক্ষেত','Dist-1');
insert into Thana (oid, thanaCode, nameEn, nameBn, districtOid) values ('Thana-100','100','Belabo','বেলাব','Dist-12');
insert into Thana (oid, thanaCode, nameEn, nameBn, districtOid) values ('Thana-101','101','Monohordi','মনোহরদী','Dist-12');
insert into Thana (oid, thanaCode, nameEn, nameBn, districtOid) values ('Thana-102','102','Narshingdi Sadar','নরসিংদী সদর','Dist-12');
insert into Thana (oid, thanaCode, nameEn, nameBn, districtOid) values ('Thana-103','103','Palash','পলাশ','Dist-12');
insert into Thana (oid, thanaCode, nameEn, nameBn, districtOid) values ('Thana-104','104','Raypura','রায়পুরা','Dist-12');
insert into Thana (oid, thanaCode, nameEn, nameBn, districtOid) values ('Thana-105','105','Shibpur','শিবপুর','Dist-12');
insert into Thana (oid, thanaCode, nameEn, nameBn, districtOid) values ('Thana-106','106','Susung Durgapur','সুসুংদুর্গাপুর','Dist-13');
insert into Thana (oid, thanaCode, nameEn, nameBn, districtOid) values ('Thana-107','107','Atpara','আটপাড়া','Dist-13');
insert into Thana (oid, thanaCode, nameEn, nameBn, districtOid) values ('Thana-108','108','Barhatta','বারহাট্টা','Dist-13');
insert into Thana (oid, thanaCode, nameEn, nameBn, districtOid) values ('Thana-109','109','Dharmapasha','ধর্মপাশা','Dist-13');
insert into Thana (oid, thanaCode, nameEn, nameBn, districtOid) values ('Thana-11','11','Lalbag','লালবাগ','Dist-1');
insert into Thana (oid, thanaCode, nameEn, nameBn, districtOid) values ('Thana-110','110','Dhobaura','ধবাউরা','Dist-13');
insert into Thana (oid, thanaCode, nameEn, nameBn, districtOid) values ('Thana-111','111','Kalmakanda','কলমাকান্দা','Dist-13');
insert into Thana (oid, thanaCode, nameEn, nameBn, districtOid) values ('Thana-112','112','Kendua','কেন্দুয়া','Dist-13');
insert into Thana (oid, thanaCode, nameEn, nameBn, districtOid) values ('Thana-113','113','Khaliajuri','খালিয়াজুরী','Dist-13');
insert into Thana (oid, thanaCode, nameEn, nameBn, districtOid) values ('Thana-114','114','Madan','মদন','Dist-13');
insert into Thana (oid, thanaCode, nameEn, nameBn, districtOid) values ('Thana-115','115','Moddhynagar','মধ্য নগর','Dist-13');
insert into Thana (oid, thanaCode, nameEn, nameBn, districtOid) values ('Thana-116','116','Mohanganj','মোহনগঞ্জ','Dist-13');
insert into Thana (oid, thanaCode, nameEn, nameBn, districtOid) values ('Thana-117','117','Netrakona Sadar','নেত্রকোণা সদর','Dist-13');
insert into Thana (oid, thanaCode, nameEn, nameBn, districtOid) values ('Thana-118','118','Purbadhola','পূর্বধলা','Dist-13');
insert into Thana (oid, thanaCode, nameEn, nameBn, districtOid) values ('Thana-119','119','Baliakandi','বালিয়াকান্দি','Dist-14');
insert into Thana (oid, thanaCode, nameEn, nameBn, districtOid) values ('Thana-12','12','Mirpur','মিরপুর','Dist-1');
insert into Thana (oid, thanaCode, nameEn, nameBn, districtOid) values ('Thana-120','120','Pangsha','পাংশা','Dist-14');
insert into Thana (oid, thanaCode, nameEn, nameBn, districtOid) values ('Thana-121','121','Rajbari Sadar','রাজবাড়ী সদর','Dist-14');
insert into Thana (oid, thanaCode, nameEn, nameBn, districtOid) values ('Thana-122','122','Bhedorganj','ভেদরগাঞ্জ','Dist-15');
insert into Thana (oid, thanaCode, nameEn, nameBn, districtOid) values ('Thana-123','123','Damudhya','ডামুড্যা','Dist-15');
insert into Thana (oid, thanaCode, nameEn, nameBn, districtOid) values ('Thana-124','124','Gosairhat','গোসাইরহাট','Dist-15');
insert into Thana (oid, thanaCode, nameEn, nameBn, districtOid) values ('Thana-125','125','Jajira','জাঁজিরা','Dist-15');
insert into Thana (oid, thanaCode, nameEn, nameBn, districtOid) values ('Thana-126','126','Naria','নড়িয়া','Dist-15');
insert into Thana (oid, thanaCode, nameEn, nameBn, districtOid) values ('Thana-127','127','Shariatpur Sadar','শরীয়তপুর সদর','Dist-15');
insert into Thana (oid, thanaCode, nameEn, nameBn, districtOid) values ('Thana-128','128','Bakshigonj','বাকশিগঞ্জ','Dist-16');
insert into Thana (oid, thanaCode, nameEn, nameBn, districtOid) values ('Thana-129','129','Jhinaigati','ঝিনাইগাতী','Dist-16');
insert into Thana (oid, thanaCode, nameEn, nameBn, districtOid) values ('Thana-13','13','Mohammadpur','মোহাম্মদপুর','Dist-1');
insert into Thana (oid, thanaCode, nameEn, nameBn, districtOid) values ('Thana-130','130','Nakla','নকলা','Dist-16');
insert into Thana (oid, thanaCode, nameEn, nameBn, districtOid) values ('Thana-131','131','Nalitabari','নালিতাবাড়ী','Dist-16');
insert into Thana (oid, thanaCode, nameEn, nameBn, districtOid) values ('Thana-132','132','Sherpur Shadar','শেরপুর সদর','Dist-16');
insert into Thana (oid, thanaCode, nameEn, nameBn, districtOid) values ('Thana-133','133','Shribardi','শ্রীবর্দী','Dist-16');
insert into Thana (oid, thanaCode, nameEn, nameBn, districtOid) values ('Thana-134','134','Basail','বাসাইল','Dist-17');
insert into Thana (oid, thanaCode, nameEn, nameBn, districtOid) values ('Thana-135','135','Bhuapur','ভূঞাপুর','Dist-17');
insert into Thana (oid, thanaCode, nameEn, nameBn, districtOid) values ('Thana-136','136','Delduar','দেলদুয়ার','Dist-17');
insert into Thana (oid, thanaCode, nameEn, nameBn, districtOid) values ('Thana-137','137','Ghatail','ঘাটাইল','Dist-17');
insert into Thana (oid, thanaCode, nameEn, nameBn, districtOid) values ('Thana-138','138','Gopalpur','গোপালপুর','Dist-17');
insert into Thana (oid, thanaCode, nameEn, nameBn, districtOid) values ('Thana-139','139','Kalihati','কালিহাতী','Dist-17');
insert into Thana (oid, thanaCode, nameEn, nameBn, districtOid) values ('Thana-14','14','Motijheel','মতিঝিল','Dist-1');
insert into Thana (oid, thanaCode, nameEn, nameBn, districtOid) values ('Thana-140','140','Kashkaolia','কাশকাওলিয়া','Dist-17');
insert into Thana (oid, thanaCode, nameEn, nameBn, districtOid) values ('Thana-141','141','Madhupur','মধুপুর','Dist-17');
insert into Thana (oid, thanaCode, nameEn, nameBn, districtOid) values ('Thana-142','142','Mirzapur','মির্জাপুর','Dist-17');
insert into Thana (oid, thanaCode, nameEn, nameBn, districtOid) values ('Thana-143','143','Nagarpur','নাগরপুর','Dist-17');
insert into Thana (oid, thanaCode, nameEn, nameBn, districtOid) values ('Thana-144','144','Sakhipur','সখীপুরে','Dist-17');
insert into Thana (oid, thanaCode, nameEn, nameBn, districtOid) values ('Thana-145','145','Tangail Sadar','টাঙ্গাইল সদর','Dist-17');
insert into Thana (oid, thanaCode, nameEn, nameBn, districtOid) values ('Thana-146','146','Alikadam','আলিকদম','Dist-18');
insert into Thana (oid, thanaCode, nameEn, nameBn, districtOid) values ('Thana-147','147','Bandarban Sadar','বান্দরবান সদর','Dist-18');
insert into Thana (oid, thanaCode, nameEn, nameBn, districtOid) values ('Thana-148','148','Naikhong','নাইখং','Dist-18');
insert into Thana (oid, thanaCode, nameEn, nameBn, districtOid) values ('Thana-149','149','Roanchhari','রয়াঞ্ছহারি','Dist-18');
insert into Thana (oid, thanaCode, nameEn, nameBn, districtOid) values ('Thana-15','15','Nawabganj','নবাবগঞ্জ','Dist-1');
insert into Thana (oid, thanaCode, nameEn, nameBn, districtOid) values ('Thana-150','150','Ruma','রুমা','Dist-18');
insert into Thana (oid, thanaCode, nameEn, nameBn, districtOid) values ('Thana-151','151','Thanchi','থানচি','Dist-18');
insert into Thana (oid, thanaCode, nameEn, nameBn, districtOid) values ('Thana-152','152','Akhaura','আখাউড়া','Dist-19');
insert into Thana (oid, thanaCode, nameEn, nameBn, districtOid) values ('Thana-153','153','Banchharampur','বাঞ্ছারামপুর','Dist-19');
insert into Thana (oid, thanaCode, nameEn, nameBn, districtOid) values ('Thana-154','154','Brahamanbaria Sadar','ব্রাহ্মণবাড়িয়া সদর','Dist-19');
insert into Thana (oid, thanaCode, nameEn, nameBn, districtOid) values ('Thana-155','155','Kasba','কসবা','Dist-19');
insert into Thana (oid, thanaCode, nameEn, nameBn, districtOid) values ('Thana-156','156','Nabinagar','নবীনগর','Dist-19');
insert into Thana (oid, thanaCode, nameEn, nameBn, districtOid) values ('Thana-157','157','Nasirnagar','নাসিরনগর','Dist-19');
insert into Thana (oid, thanaCode, nameEn, nameBn, districtOid) values ('Thana-158','158','Sarail','সরাইল','Dist-19');
insert into Thana (oid, thanaCode, nameEn, nameBn, districtOid) values ('Thana-159','159','Chandpur Sadar','চাঁদপুর সদর','Dist-20');
insert into Thana (oid, thanaCode, nameEn, nameBn, districtOid) values ('Thana-16','16','New market','নতুন বাজার','Dist-1');
insert into Thana (oid, thanaCode, nameEn, nameBn, districtOid) values ('Thana-160','160','Faridganj','ফরিদগঞ্জ','Dist-20');
insert into Thana (oid, thanaCode, nameEn, nameBn, districtOid) values ('Thana-161','161','Hajiganj','হাজীগঞ্জ','Dist-20');
insert into Thana (oid, thanaCode, nameEn, nameBn, districtOid) values ('Thana-162','162','Hayemchar','হায়েমছর','Dist-20');
insert into Thana (oid, thanaCode, nameEn, nameBn, districtOid) values ('Thana-163','163','Kachua','কচুয়া','Dist-20');
insert into Thana (oid, thanaCode, nameEn, nameBn, districtOid) values ('Thana-164','164','Matlobganj','মতলব গঞ্জ','Dist-20');
insert into Thana (oid, thanaCode, nameEn, nameBn, districtOid) values ('Thana-165','165','Shahrasti','শাহরাস্তি','Dist-20');
insert into Thana (oid, thanaCode, nameEn, nameBn, districtOid) values ('Thana-166','166','Anawara','আনোয়ারা','Dist-21');
insert into Thana (oid, thanaCode, nameEn, nameBn, districtOid) values ('Thana-167','167','Boalkhali','বোয়ালখালী','Dist-21');
insert into Thana (oid, thanaCode, nameEn, nameBn, districtOid) values ('Thana-168','168','Chittagong Sadar','চট্টগ্রাম সদর','Dist-21');
insert into Thana (oid, thanaCode, nameEn, nameBn, districtOid) values ('Thana-169','169','East Joara','পূর্ব জয়ারা','Dist-21');
insert into Thana (oid, thanaCode, nameEn, nameBn, districtOid) values ('Thana-17','17','Palton','পল্টন','Dist-1');
insert into Thana (oid, thanaCode, nameEn, nameBn, districtOid) values ('Thana-170','170','Fatikchhari','ফটিকছড়ি','Dist-21');
insert into Thana (oid, thanaCode, nameEn, nameBn, districtOid) values ('Thana-171','171','Hathazari','হাটহাজারী','Dist-21');
insert into Thana (oid, thanaCode, nameEn, nameBn, districtOid) values ('Thana-172','172','Jaldi','জলদি','Dist-21');
insert into Thana (oid, thanaCode, nameEn, nameBn, districtOid) values ('Thana-173','173','Lohagara','লোহাগাড়া','Dist-21');
insert into Thana (oid, thanaCode, nameEn, nameBn, districtOid) values ('Thana-174','174','Mirsharai','মীরসরাই','Dist-21');
insert into Thana (oid, thanaCode, nameEn, nameBn, districtOid) values ('Thana-175','175','Patia Head Office','পটিয়ার প্রধান কার্যালয়','Dist-21');
insert into Thana (oid, thanaCode, nameEn, nameBn, districtOid) values ('Thana-176','176','Rangunia','রাঙ্গুনিয়া','Dist-21');
insert into Thana (oid, thanaCode, nameEn, nameBn, districtOid) values ('Thana-177','177','Rouzan','রউযান','Dist-21');
insert into Thana (oid, thanaCode, nameEn, nameBn, districtOid) values ('Thana-178','178','Sandwip','সন্দ্বীপ','Dist-21');
insert into Thana (oid, thanaCode, nameEn, nameBn, districtOid) values ('Thana-179','179','Satkania','সাতকানিয়া','Dist-21');
insert into Thana (oid, thanaCode, nameEn, nameBn, districtOid) values ('Thana-18','18','Ramna','রমনা','Dist-1');
insert into Thana (oid, thanaCode, nameEn, nameBn, districtOid) values ('Thana-180','180','Sitakunda','সীতাকুন্ড','Dist-21');
insert into Thana (oid, thanaCode, nameEn, nameBn, districtOid) values ('Thana-181','181','Barura','বরুড়া','Dist-22');
insert into Thana (oid, thanaCode, nameEn, nameBn, districtOid) values ('Thana-182','182','Brahmanpara','ব্রাহ্মণপাড়া','Dist-22');
insert into Thana (oid, thanaCode, nameEn, nameBn, districtOid) values ('Thana-183','183','Burichang','বুড়িচং','Dist-22');
insert into Thana (oid, thanaCode, nameEn, nameBn, districtOid) values ('Thana-184','184','Chandina','চান্দিনা','Dist-22');
insert into Thana (oid, thanaCode, nameEn, nameBn, districtOid) values ('Thana-185','185','Chouddagram','চৌদ্দগ্রাম','Dist-22');
insert into Thana (oid, thanaCode, nameEn, nameBn, districtOid) values ('Thana-186','186','Comilla Sadar','কুমিল্লা সদর','Dist-22');
insert into Thana (oid, thanaCode, nameEn, nameBn, districtOid) values ('Thana-187','187','Daudkandi','দাউদকান্দি','Dist-22');
insert into Thana (oid, thanaCode, nameEn, nameBn, districtOid) values ('Thana-188','188','Davidhar','দাভিধার','Dist-22');
insert into Thana (oid, thanaCode, nameEn, nameBn, districtOid) values ('Thana-189','189','Homna','হোমনা','Dist-22');
insert into Thana (oid, thanaCode, nameEn, nameBn, districtOid) values ('Thana-19','19','Sabujbag','সবুজবাগ','Dist-1');
insert into Thana (oid, thanaCode, nameEn, nameBn, districtOid) values ('Thana-190','190','Laksam','লাকসাম','Dist-22');
insert into Thana (oid, thanaCode, nameEn, nameBn, districtOid) values ('Thana-191','191','Langalkot','নাঙ্গলকোট','Dist-22');
insert into Thana (oid, thanaCode, nameEn, nameBn, districtOid) values ('Thana-192','192','Muradnagar','মুরাদনগর','Dist-22');
insert into Thana (oid, thanaCode, nameEn, nameBn, districtOid) values ('Thana-193','193','Chiringga','ছিরিংগা','Dist-23');
insert into Thana (oid, thanaCode, nameEn, nameBn, districtOid) values ('Thana-194','194','Coxs Bazar Sadar','কক্সবাজার সদর','Dist-23');
insert into Thana (oid, thanaCode, nameEn, nameBn, districtOid) values ('Thana-195','195','Gorakghat','গরাকঘাট','Dist-23');
insert into Thana (oid, thanaCode, nameEn, nameBn, districtOid) values ('Thana-196','196','Kutubdia','কুতুবদিয়া','Dist-23');
insert into Thana (oid, thanaCode, nameEn, nameBn, districtOid) values ('Thana-197','197','Ramu','রামু','Dist-23');
insert into Thana (oid, thanaCode, nameEn, nameBn, districtOid) values ('Thana-198','198','Teknaf','টেকনাফ','Dist-23');
insert into Thana (oid, thanaCode, nameEn, nameBn, districtOid) values ('Thana-199','199','Ukhia','উখিয়া','Dist-23');
insert into Thana (oid, thanaCode, nameEn, nameBn, districtOid) values ('Thana-2','2','Dhaka Cantt.','ঢাকা ক্যন্টনমেন্ট.','Dist-1');
insert into Thana (oid, thanaCode, nameEn, nameBn, districtOid) values ('Thana-20','20','Savar','সাভার','Dist-1');
insert into Thana (oid, thanaCode, nameEn, nameBn, districtOid) values ('Thana-200','200','Chhagalnaia','ছাগলনাইয়া','Dist-24');
insert into Thana (oid, thanaCode, nameEn, nameBn, districtOid) values ('Thana-201','201','Dagonbhuia','দাগনভুইয়া','Dist-24');
insert into Thana (oid, thanaCode, nameEn, nameBn, districtOid) values ('Thana-202','202','Feni Sadar','ফেনী সদর','Dist-24');
insert into Thana (oid, thanaCode, nameEn, nameBn, districtOid) values ('Thana-203','203','Pashurampur','পরশুরাম্পুর','Dist-24');
insert into Thana (oid, thanaCode, nameEn, nameBn, districtOid) values ('Thana-204','204','Sonagazi','সোনাগাজী','Dist-24');
insert into Thana (oid, thanaCode, nameEn, nameBn, districtOid) values ('Thana-205','205','Diginala','দিগিনালা','Dist-25');
insert into Thana (oid, thanaCode, nameEn, nameBn, districtOid) values ('Thana-206','206','Khagrachari Sadar','খাগড়াছড়ি সদর','Dist-25');
insert into Thana (oid, thanaCode, nameEn, nameBn, districtOid) values ('Thana-207','207','Laxmichhari','লাক্সিছড়ি','Dist-25');
insert into Thana (oid, thanaCode, nameEn, nameBn, districtOid) values ('Thana-208','208','Mahalchhari','মাহালছড়ি','Dist-25');
insert into Thana (oid, thanaCode, nameEn, nameBn, districtOid) values ('Thana-209','209','Manikchhari','মানিকছড়ি','Dist-25');
insert into Thana (oid, thanaCode, nameEn, nameBn, districtOid) values ('Thana-21','21','Sutrapur','সুত্রাপুর','Dist-1');
insert into Thana (oid, thanaCode, nameEn, nameBn, districtOid) values ('Thana-210','210','Matiranga','মাটিরাঙ্গা','Dist-25');
insert into Thana (oid, thanaCode, nameEn, nameBn, districtOid) values ('Thana-211','211','Panchhari','পানছড়ি','Dist-25');
insert into Thana (oid, thanaCode, nameEn, nameBn, districtOid) values ('Thana-212','212','Ramghar Head Office','রামগড়ে প্রধান কার্যালয়','Dist-25');
insert into Thana (oid, thanaCode, nameEn, nameBn, districtOid) values ('Thana-213','213','Char Alexgander','চর আলেকজান্ডার','Dist-26');
insert into Thana (oid, thanaCode, nameEn, nameBn, districtOid) values ('Thana-214','214','Lakshimpur Sadar','লক্ষ্মীপুর সদর','Dist-26');
insert into Thana (oid, thanaCode, nameEn, nameBn, districtOid) values ('Thana-215','215','Ramganj','রামগঞ্জ','Dist-26');
insert into Thana (oid, thanaCode, nameEn, nameBn, districtOid) values ('Thana-216','216','Raypur','রায়পুর','Dist-26');
insert into Thana (oid, thanaCode, nameEn, nameBn, districtOid) values ('Thana-217','217','Basurhat','বাসুরহাট','Dist-27');
insert into Thana (oid, thanaCode, nameEn, nameBn, districtOid) values ('Thana-218','218','Begumganj','বেগমগঞ্জ','Dist-27');
insert into Thana (oid, thanaCode, nameEn, nameBn, districtOid) values ('Thana-219','219','Chatkhil','চাটখিল','Dist-27');
insert into Thana (oid, thanaCode, nameEn, nameBn, districtOid) values ('Thana-22','22','Tejgaon','তেজগাঁও','Dist-1');
insert into Thana (oid, thanaCode, nameEn, nameBn, districtOid) values ('Thana-220','220','Hatiya','হাতিয়া','Dist-27');
insert into Thana (oid, thanaCode, nameEn, nameBn, districtOid) values ('Thana-221','221','Noakhali Sadar','নোয়াখালী সদর','Dist-27');
insert into Thana (oid, thanaCode, nameEn, nameBn, districtOid) values ('Thana-222','222','Senbag','সেনবাগ','Dist-27');
insert into Thana (oid, thanaCode, nameEn, nameBn, districtOid) values ('Thana-223','223','Barakal','বারাকাল','Dist-28');
insert into Thana (oid, thanaCode, nameEn, nameBn, districtOid) values ('Thana-224','224','Bilaichhari','বিলাইছড়ি','Dist-28');
insert into Thana (oid, thanaCode, nameEn, nameBn, districtOid) values ('Thana-225','225','Jarachhari','জরছড়ি','Dist-28');
insert into Thana (oid, thanaCode, nameEn, nameBn, districtOid) values ('Thana-226','226','Kalampati','কালাম্পাতি','Dist-28');
insert into Thana (oid, thanaCode, nameEn, nameBn, districtOid) values ('Thana-227','227','kaptai','কাপ্তাই','Dist-28');
insert into Thana (oid, thanaCode, nameEn, nameBn, districtOid) values ('Thana-228','228','Longachh','লঙ্গাছ','Dist-28');
insert into Thana (oid, thanaCode, nameEn, nameBn, districtOid) values ('Thana-229','229','Marishya','মারিশ্যা','Dist-28');
insert into Thana (oid, thanaCode, nameEn, nameBn, districtOid) values ('Thana-23','23','Tejgaon Industrial Area','তেজগাঁও শিল্প এলাকা','Dist-1');
insert into Thana (oid, thanaCode, nameEn, nameBn, districtOid) values ('Thana-230','230','Naniachhar','নানিয়াছর','Dist-28');
insert into Thana (oid, thanaCode, nameEn, nameBn, districtOid) values ('Thana-231','231','Rajsthali','রাজস্থালি','Dist-28');
insert into Thana (oid, thanaCode, nameEn, nameBn, districtOid) values ('Thana-232','232','Rangamati Sadar','রাঙ্গামাটি সদর','Dist-28');
insert into Thana (oid, thanaCode, nameEn, nameBn, districtOid) values ('Thana-233','233','Alamdanga','আলমডাঙ্গা','Dist-29');
insert into Thana (oid, thanaCode, nameEn, nameBn, districtOid) values ('Thana-234','234','Chuadanga Sadar','চুয়াডাঙ্গা সদর','Dist-29');
insert into Thana (oid, thanaCode, nameEn, nameBn, districtOid) values ('Thana-235','235','Damurhuda','দামুড়হুদা','Dist-29');
insert into Thana (oid, thanaCode, nameEn, nameBn, districtOid) values ('Thana-236','236','Doulatganj','দোলতগাগঞ্জ','Dist-29');
insert into Thana (oid, thanaCode, nameEn, nameBn, districtOid) values ('Thana-237','237','Bagerhat Sadar','বাগেরহাট সদর','Dist-30');
insert into Thana (oid, thanaCode, nameEn, nameBn, districtOid) values ('Thana-238','238','Chalna Ankorage','চালনা Ankorage','Dist-30');
insert into Thana (oid, thanaCode, nameEn, nameBn, districtOid) values ('Thana-239','239','Chitalmari','চিতলমারী','Dist-30');
insert into Thana (oid, thanaCode, nameEn, nameBn, districtOid) values ('Thana-24','24','Uttara','উত্তরা','Dist-1');
insert into Thana (oid, thanaCode, nameEn, nameBn, districtOid) values ('Thana-240','240','Fakirhat','ফকিরহাট','Dist-30');
insert into Thana (oid, thanaCode, nameEn, nameBn, districtOid) values ('Thana-241','241','Kachua UPO','কচুয়া ইউ পি ও','Dist-30');
insert into Thana (oid, thanaCode, nameEn, nameBn, districtOid) values ('Thana-242','242','Mollahat','মোল্লাহাট','Dist-30');
insert into Thana (oid, thanaCode, nameEn, nameBn, districtOid) values ('Thana-243','243','Morelganj','মোরেলগঞ্জের','Dist-30');
insert into Thana (oid, thanaCode, nameEn, nameBn, districtOid) values ('Thana-244','244','Rampal','রামপাল','Dist-30');
insert into Thana (oid, thanaCode, nameEn, nameBn, districtOid) values ('Thana-245','245','Rayenda','রায়েন্দা','Dist-30');
insert into Thana (oid, thanaCode, nameEn, nameBn, districtOid) values ('Thana-246','246','Bagharpara','বাঘারপাড়া','Dist-31');
insert into Thana (oid, thanaCode, nameEn, nameBn, districtOid) values ('Thana-247','247','Chaugachha','চৌগাছা','Dist-31');
insert into Thana (oid, thanaCode, nameEn, nameBn, districtOid) values ('Thana-248','248','Jessore Sadar','যশোর সদর','Dist-31');
insert into Thana (oid, thanaCode, nameEn, nameBn, districtOid) values ('Thana-249','249','Jhikargachha','ঝিকরগাছা','Dist-31');
insert into Thana (oid, thanaCode, nameEn, nameBn, districtOid) values ('Thana-25','25','Alfadanga','আলফাডাঙ্গা','Dist-2');
insert into Thana (oid, thanaCode, nameEn, nameBn, districtOid) values ('Thana-250','250','Keshabpur','কেশবপুর','Dist-31');
insert into Thana (oid, thanaCode, nameEn, nameBn, districtOid) values ('Thana-251','251','Monirampur','মনিরামপুর','Dist-31');
insert into Thana (oid, thanaCode, nameEn, nameBn, districtOid) values ('Thana-252','252','Noapara','নোয়াপাড়া','Dist-31');
insert into Thana (oid, thanaCode, nameEn, nameBn, districtOid) values ('Thana-253','253','Sarsa','শার্শা','Dist-31');
insert into Thana (oid, thanaCode, nameEn, nameBn, districtOid) values ('Thana-254','254','Harinakundu','হরিনাকুন্ডু','Dist-32');
insert into Thana (oid, thanaCode, nameEn, nameBn, districtOid) values ('Thana-255','255','Jinaidaha Sadar','ঝিনাইদহসদর','Dist-32');
insert into Thana (oid, thanaCode, nameEn, nameBn, districtOid) values ('Thana-256','256','Kotchandpur','কোটচাঁদপুর','Dist-32');
insert into Thana (oid, thanaCode, nameEn, nameBn, districtOid) values ('Thana-257','257','Maheshpur','মহেশপুর','Dist-32');
insert into Thana (oid, thanaCode, nameEn, nameBn, districtOid) values ('Thana-258','258','Naldanga','নলডাঙ্গা','Dist-32');
insert into Thana (oid, thanaCode, nameEn, nameBn, districtOid) values ('Thana-259','259','Shailakupa','শৈলকুপা','Dist-32');
insert into Thana (oid, thanaCode, nameEn, nameBn, districtOid) values ('Thana-26','26','Bhanga','ভাঙ্গা','Dist-2');
insert into Thana (oid, thanaCode, nameEn, nameBn, districtOid) values ('Thana-260','260','Alaipur','আলিয়াপুর','Dist-33');
insert into Thana (oid, thanaCode, nameEn, nameBn, districtOid) values ('Thana-261','261','Batiaghat','বাতিয়া ঘাট','Dist-33');
insert into Thana (oid, thanaCode, nameEn, nameBn, districtOid) values ('Thana-262','262','Chalna Bazar','চালনা বাজার','Dist-33');
insert into Thana (oid, thanaCode, nameEn, nameBn, districtOid) values ('Thana-263','263','Digalia','দিগালিয়া','Dist-33');
insert into Thana (oid, thanaCode, nameEn, nameBn, districtOid) values ('Thana-264','264','Khulna Sadar','খুলনা সদর','Dist-33');
insert into Thana (oid, thanaCode, nameEn, nameBn, districtOid) values ('Thana-265','265','Madinabad','মদিনাবাদ','Dist-33');
insert into Thana (oid, thanaCode, nameEn, nameBn, districtOid) values ('Thana-266','266','Paikgachha','পাইকগাছা','Dist-33');
insert into Thana (oid, thanaCode, nameEn, nameBn, districtOid) values ('Thana-267','267','Phultala','ফুলতলা','Dist-33');
insert into Thana (oid, thanaCode, nameEn, nameBn, districtOid) values ('Thana-268','268','Sajiara','সাজিয়ারা','Dist-33');
insert into Thana (oid, thanaCode, nameEn, nameBn, districtOid) values ('Thana-269','269','Terakhada','তেরখাদা','Dist-33');
insert into Thana (oid, thanaCode, nameEn, nameBn, districtOid) values ('Thana-27','27','Boalmari','বোয়ালমারী','Dist-2');
insert into Thana (oid, thanaCode, nameEn, nameBn, districtOid) values ('Thana-270','270','Bheramara','ভেড়ামারা','Dist-34');
insert into Thana (oid, thanaCode, nameEn, nameBn, districtOid) values ('Thana-271','271','Janipur','জনিপুর','Dist-34');
insert into Thana (oid, thanaCode, nameEn, nameBn, districtOid) values ('Thana-272','272','Kumarkhali','কুমারখালী','Dist-34');
insert into Thana (oid, thanaCode, nameEn, nameBn, districtOid) values ('Thana-273','273','Kustia Sadar','কুষ্টিয়া সদর','Dist-34');
insert into Thana (oid, thanaCode, nameEn, nameBn, districtOid) values ('Thana-274','274','Mirpur','মিরপুর','Dist-34');
insert into Thana (oid, thanaCode, nameEn, nameBn, districtOid) values ('Thana-275','275','Rafayetpur','রাফায়েতপুর','Dist-34');
insert into Thana (oid, thanaCode, nameEn, nameBn, districtOid) values ('Thana-276','276','Arpara','আড়পাড়া','Dist-35');
insert into Thana (oid, thanaCode, nameEn, nameBn, districtOid) values ('Thana-277','277','Magura Sadar','মাগুরা সদর','Dist-35');
insert into Thana (oid, thanaCode, nameEn, nameBn, districtOid) values ('Thana-278','278','Mohammadpur','মোহাম্মদপুর','Dist-35');
insert into Thana (oid, thanaCode, nameEn, nameBn, districtOid) values ('Thana-279','279','Shripur','শ্রিপুর','Dist-35');
insert into Thana (oid, thanaCode, nameEn, nameBn, districtOid) values ('Thana-28','28','Charbhadrasan','চরভদ্রাসন','Dist-2');
insert into Thana (oid, thanaCode, nameEn, nameBn, districtOid) values ('Thana-280','280','Gangni','গাংনী','Dist-36');
insert into Thana (oid, thanaCode, nameEn, nameBn, districtOid) values ('Thana-281','281','Meherpur Sadar','মেহেরপুর সদর','Dist-36');
insert into Thana (oid, thanaCode, nameEn, nameBn, districtOid) values ('Thana-282','282','Kalia','কালিয়া','Dist-37');
insert into Thana (oid, thanaCode, nameEn, nameBn, districtOid) values ('Thana-283','283','Laxmipasha','লক্ষ্মী পাশা','Dist-37');
insert into Thana (oid, thanaCode, nameEn, nameBn, districtOid) values ('Thana-284','284','Mohajan','মহাজান','Dist-37');
insert into Thana (oid, thanaCode, nameEn, nameBn, districtOid) values ('Thana-285','285','Narail Sadar','নড়াইল সদর','Dist-37');
insert into Thana (oid, thanaCode, nameEn, nameBn, districtOid) values ('Thana-286','286','Ashashuni','আশাশুনির','Dist-38');
insert into Thana (oid, thanaCode, nameEn, nameBn, districtOid) values ('Thana-287','287','Debbhata','দেবহাটা','Dist-38');
insert into Thana (oid, thanaCode, nameEn, nameBn, districtOid) values ('Thana-288','288','kalaroa','কলারোয়া','Dist-38');
insert into Thana (oid, thanaCode, nameEn, nameBn, districtOid) values ('Thana-289','289','Kaliganj UPO','কালীগঞ্জ ইউ পি ও','Dist-38');
insert into Thana (oid, thanaCode, nameEn, nameBn, districtOid) values ('Thana-29','29','Faridpur Sadar','ফরিদপুর সদর','Dist-2');
insert into Thana (oid, thanaCode, nameEn, nameBn, districtOid) values ('Thana-290','290','Nakipur','নকিপুর','Dist-38');
insert into Thana (oid, thanaCode, nameEn, nameBn, districtOid) values ('Thana-291','291','Satkhira Sadar','সাতক্ষীরা সদর','Dist-38');
insert into Thana (oid, thanaCode, nameEn, nameBn, districtOid) values ('Thana-292','292','Taala','তালা','Dist-38');
insert into Thana (oid, thanaCode, nameEn, nameBn, districtOid) values ('Thana-293','293','Azmireeganj','আজমেরীগঞ্জ','Dist-39');
insert into Thana (oid, thanaCode, nameEn, nameBn, districtOid) values ('Thana-294','294','Bahubal','বাহুবল','Dist-39');
insert into Thana (oid, thanaCode, nameEn, nameBn, districtOid) values ('Thana-295','295','Baniachang','বানিয়াচং','Dist-39');
insert into Thana (oid, thanaCode, nameEn, nameBn, districtOid) values ('Thana-296','296','Chunarughat','চুনারুঘাট','Dist-39');
insert into Thana (oid, thanaCode, nameEn, nameBn, districtOid) values ('Thana-297','297','Hobiganj Sadar','হবিগঞ্জসদর','Dist-39');
insert into Thana (oid, thanaCode, nameEn, nameBn, districtOid) values ('Thana-298','298','Kalauk','কালাউক','Dist-39');
insert into Thana (oid, thanaCode, nameEn, nameBn, districtOid) values ('Thana-299','299','Madhabpur','মাধবপুর','Dist-39');
insert into Thana (oid, thanaCode, nameEn, nameBn, districtOid) values ('Thana-3','3','Dhamrai','ধামরাই','Dist-1');
insert into Thana (oid, thanaCode, nameEn, nameBn, districtOid) values ('Thana-30','30','Madukhali','মধুখালি','Dist-2');
insert into Thana (oid, thanaCode, nameEn, nameBn, districtOid) values ('Thana-300','300','Nabiganj','নবীগঞ্জ','Dist-39');
insert into Thana (oid, thanaCode, nameEn, nameBn, districtOid) values ('Thana-301','301','Baralekha','বড়লেখা','Dist-40');
insert into Thana (oid, thanaCode, nameEn, nameBn, districtOid) values ('Thana-302','302','Kamalganj','কমলগঞ্জ','Dist-40');
insert into Thana (oid, thanaCode, nameEn, nameBn, districtOid) values ('Thana-303','303','Kulaura','কুলাউড়া','Dist-40');
insert into Thana (oid, thanaCode, nameEn, nameBn, districtOid) values ('Thana-304','304','Moulvibazar Sadar','মৌলভীবাজার সদর','Dist-40');
insert into Thana (oid, thanaCode, nameEn, nameBn, districtOid) values ('Thana-305','305','Rajnagar','রাজনগর','Dist-40');
insert into Thana (oid, thanaCode, nameEn, nameBn, districtOid) values ('Thana-306','306','Srimangal','শ্রীমঙ্গল','Dist-40');
insert into Thana (oid, thanaCode, nameEn, nameBn, districtOid) values ('Thana-307','307','Bishamsarpur','বিশ্বম্ভরপুর','Dist-41');
insert into Thana (oid, thanaCode, nameEn, nameBn, districtOid) values ('Thana-308','308','Chhatak','ছাতক','Dist-41');
insert into Thana (oid, thanaCode, nameEn, nameBn, districtOid) values ('Thana-309','309','Dhirai Chandpur','দিরাইচাঁদপুর','Dist-41');
insert into Thana (oid, thanaCode, nameEn, nameBn, districtOid) values ('Thana-31','31','Nagarkanda','নগরকান্দা','Dist-2');
insert into Thana (oid, thanaCode, nameEn, nameBn, districtOid) values ('Thana-310','310','Duara bazar','দোয়ারাবাজার','Dist-41');
insert into Thana (oid, thanaCode, nameEn, nameBn, districtOid) values ('Thana-311','311','Ghungiar','ঘুঙ্গিয়ার','Dist-41');
insert into Thana (oid, thanaCode, nameEn, nameBn, districtOid) values ('Thana-312','312','Jagnnathpur','জগন্নাথপুর','Dist-41');
insert into Thana (oid, thanaCode, nameEn, nameBn, districtOid) values ('Thana-313','313','Sachna','সাছনা','Dist-41');
insert into Thana (oid, thanaCode, nameEn, nameBn, districtOid) values ('Thana-314','314','Sunamganj Sadar','সুনামগঞ্জ সদর','Dist-41');
insert into Thana (oid, thanaCode, nameEn, nameBn, districtOid) values ('Thana-315','315','Tahirpur','তাহিরপুর','Dist-41');
insert into Thana (oid, thanaCode, nameEn, nameBn, districtOid) values ('Thana-316','316','Balaganj','বালাগঞ্জ','Dist-42');
insert into Thana (oid, thanaCode, nameEn, nameBn, districtOid) values ('Thana-317','317','Bianibazar','বিয়ানীবাজারে','Dist-42');
insert into Thana (oid, thanaCode, nameEn, nameBn, districtOid) values ('Thana-318','318','Bishwanath','বিশ্বনাথ','Dist-42');
insert into Thana (oid, thanaCode, nameEn, nameBn, districtOid) values ('Thana-319','319','Fenchuganj','ফেঞ্চুগঞ্জ','Dist-42');
insert into Thana (oid, thanaCode, nameEn, nameBn, districtOid) values ('Thana-32','32','Sadarpur','সদরপুর','Dist-2');
insert into Thana (oid, thanaCode, nameEn, nameBn, districtOid) values ('Thana-320','320','Goainhat','গয়াইনহাট','Dist-42');
insert into Thana (oid, thanaCode, nameEn, nameBn, districtOid) values ('Thana-321','321','Gopalganj','গোপালগঞ্জ','Dist-42');
insert into Thana (oid, thanaCode, nameEn, nameBn, districtOid) values ('Thana-322','322','Jaintapur','জৈন্তাপুর','Dist-42');
insert into Thana (oid, thanaCode, nameEn, nameBn, districtOid) values ('Thana-323','323','Jakiganj','জকিগঞ্জ','Dist-42');
insert into Thana (oid, thanaCode, nameEn, nameBn, districtOid) values ('Thana-324','324','Kanaighat','কানাইঘাট','Dist-42');
insert into Thana (oid, thanaCode, nameEn, nameBn, districtOid) values ('Thana-325','325','Kompanyganj','কোম্পানিগঞ্জ','Dist-42');
insert into Thana (oid, thanaCode, nameEn, nameBn, districtOid) values ('Thana-326','326','Sylhet Sadar','সিলেট সদর','Dist-42');
insert into Thana (oid, thanaCode, nameEn, nameBn, districtOid) values ('Thana-327','327','Amtali','আমতলী','Dist-43');
insert into Thana (oid, thanaCode, nameEn, nameBn, districtOid) values ('Thana-328','328','Bamna','বামনা','Dist-43');
insert into Thana (oid, thanaCode, nameEn, nameBn, districtOid) values ('Thana-329','329','Barguna Sadar','বরগুনা সদর','Dist-43');
insert into Thana (oid, thanaCode, nameEn, nameBn, districtOid) values ('Thana-33','33','Shriangan','শ্রিয়াঙ্গান','Dist-2');
insert into Thana (oid, thanaCode, nameEn, nameBn, districtOid) values ('Thana-330','330','Betagi','বেতাগী','Dist-43');
insert into Thana (oid, thanaCode, nameEn, nameBn, districtOid) values ('Thana-331','331','Patharghata','পাথরঘাটা','Dist-43');
insert into Thana (oid, thanaCode, nameEn, nameBn, districtOid) values ('Thana-332','332','Agailzhara','আগৈলঝাড়া','Dist-44');
insert into Thana (oid, thanaCode, nameEn, nameBn, districtOid) values ('Thana-333','333','Babuganj','বাবুগঞ্জ','Dist-44');
insert into Thana (oid, thanaCode, nameEn, nameBn, districtOid) values ('Thana-334','334','Barajalia','বারাজালিয়া','Dist-44');
insert into Thana (oid, thanaCode, nameEn, nameBn, districtOid) values ('Thana-335','335','Barishal Sadar','বরিশাল সদর','Dist-44');
insert into Thana (oid, thanaCode, nameEn, nameBn, districtOid) values ('Thana-336','336','Gouranadi','গৌরনদী','Dist-44');
insert into Thana (oid, thanaCode, nameEn, nameBn, districtOid) values ('Thana-337','337','Mahendiganj','মেহেন্দীগঞ্জ','Dist-44');
insert into Thana (oid, thanaCode, nameEn, nameBn, districtOid) values ('Thana-338','338','Muladi','মুলাদী','Dist-44');
insert into Thana (oid, thanaCode, nameEn, nameBn, districtOid) values ('Thana-339','339','Sahebganj','সাহেবগঞ্জ','Dist-44');
insert into Thana (oid, thanaCode, nameEn, nameBn, districtOid) values ('Thana-34','34','Gazipur Sadar','গাজীপুর সদর','Dist-3');
insert into Thana (oid, thanaCode, nameEn, nameBn, districtOid) values ('Thana-340','340','Uzirpur','উজিরপুর','Dist-44');
insert into Thana (oid, thanaCode, nameEn, nameBn, districtOid) values ('Thana-341','341','Bhola Sadar','ভোলা সদর','Dist-45');
insert into Thana (oid, thanaCode, nameEn, nameBn, districtOid) values ('Thana-342','342','Borhanuddin UPO','বোরহানউদ্দিন ইউ পি ও','Dist-45');
insert into Thana (oid, thanaCode, nameEn, nameBn, districtOid) values ('Thana-343','343','Charfashion','চরফ্যাশন','Dist-45');
insert into Thana (oid, thanaCode, nameEn, nameBn, districtOid) values ('Thana-344','344','Doulatkhan','দৌলতখান','Dist-45');
insert into Thana (oid, thanaCode, nameEn, nameBn, districtOid) values ('Thana-345','345','Hajirhat','হাজিরহাট','Dist-45');
insert into Thana (oid, thanaCode, nameEn, nameBn, districtOid) values ('Thana-346','346','Hatshoshiganj','হাতশশিগঞ্জ','Dist-45');
insert into Thana (oid, thanaCode, nameEn, nameBn, districtOid) values ('Thana-347','347','Lalmohan UPO','লালমোহন ইউ পি ও','Dist-45');
insert into Thana (oid, thanaCode, nameEn, nameBn, districtOid) values ('Thana-348','348','Jhalokathi Sadar','ঝালকাঠি সদর','Dist-46');
insert into Thana (oid, thanaCode, nameEn, nameBn, districtOid) values ('Thana-349','349','Kathalia','কাঁঠালিয়া','Dist-46');
insert into Thana (oid, thanaCode, nameEn, nameBn, districtOid) values ('Thana-35','35','Kaliakaar','কালিয়াকৈড়','Dist-3');
insert into Thana (oid, thanaCode, nameEn, nameBn, districtOid) values ('Thana-350','350','Nalchhiti','নলছিটি','Dist-46');
insert into Thana (oid, thanaCode, nameEn, nameBn, districtOid) values ('Thana-351','351','Rajapur','রাজাপুর','Dist-46');
insert into Thana (oid, thanaCode, nameEn, nameBn, districtOid) values ('Thana-352','352','Bauphal','বাউফল','Dist-47');
insert into Thana (oid, thanaCode, nameEn, nameBn, districtOid) values ('Thana-353','353','Dashmina','দশমিনা','Dist-47');
insert into Thana (oid, thanaCode, nameEn, nameBn, districtOid) values ('Thana-354','354','Galachipa','গলাচিপা','Dist-47');
insert into Thana (oid, thanaCode, nameEn, nameBn, districtOid) values ('Thana-355','355','Khepupara','খেপুপাড়া','Dist-47');
insert into Thana (oid, thanaCode, nameEn, nameBn, districtOid) values ('Thana-356','356','Patuakhali Sadar','পটুয়াখালী সদর','Dist-47');
insert into Thana (oid, thanaCode, nameEn, nameBn, districtOid) values ('Thana-357','357','Subidkhali','সুবিদখালি','Dist-47');
insert into Thana (oid, thanaCode, nameEn, nameBn, districtOid) values ('Thana-358','358','Banaripara','বানারীপাড়া','Dist-48');
insert into Thana (oid, thanaCode, nameEn, nameBn, districtOid) values ('Thana-359','359','Bhandaria','ভান্ডারিয়া','Dist-48');
insert into Thana (oid, thanaCode, nameEn, nameBn, districtOid) values ('Thana-36','36','Kaliganj','কালীগঞ্জ','Dist-3');
insert into Thana (oid, thanaCode, nameEn, nameBn, districtOid) values ('Thana-360','360','kaukhali','কাউখালী','Dist-48');
insert into Thana (oid, thanaCode, nameEn, nameBn, districtOid) values ('Thana-361','361','Mathbaria','মঠবাড়িয়া','Dist-48');
insert into Thana (oid, thanaCode, nameEn, nameBn, districtOid) values ('Thana-362','362','Nazirpur','নাজিরপুর','Dist-48');
insert into Thana (oid, thanaCode, nameEn, nameBn, districtOid) values ('Thana-363','363','Pirojpur Sadar','পিরোজপুর সদর','Dist-48');
insert into Thana (oid, thanaCode, nameEn, nameBn, districtOid) values ('Thana-364','364','Swarupkathi','স্বরূপকাঠি','Dist-48');
insert into Thana (oid, thanaCode, nameEn, nameBn, districtOid) values ('Thana-365','365','Alamdighi','আদমদীঘি','Dist-49');
insert into Thana (oid, thanaCode, nameEn, nameBn, districtOid) values ('Thana-366','366','Bogra Sadar','বগুড়া সদর','Dist-49');
insert into Thana (oid, thanaCode, nameEn, nameBn, districtOid) values ('Thana-367','367','Dhunat','ধুনট','Dist-49');
insert into Thana (oid, thanaCode, nameEn, nameBn, districtOid) values ('Thana-368','368','Dupchachia','দুপচাঁচিয়া','Dist-49');
insert into Thana (oid, thanaCode, nameEn, nameBn, districtOid) values ('Thana-369','369','Gabtoli','গাবতলী','Dist-49');
insert into Thana (oid, thanaCode, nameEn, nameBn, districtOid) values ('Thana-37','37','Kapashia','কাপাশিয়া','Dist-3');
insert into Thana (oid, thanaCode, nameEn, nameBn, districtOid) values ('Thana-370','370','Kahalu','কাহালু','Dist-49');
insert into Thana (oid, thanaCode, nameEn, nameBn, districtOid) values ('Thana-371','371','Nandigram','নন্দীগ্রাম','Dist-49');
insert into Thana (oid, thanaCode, nameEn, nameBn, districtOid) values ('Thana-372','372','Sariakandi','সারিয়াকান্দি','Dist-49');
insert into Thana (oid, thanaCode, nameEn, nameBn, districtOid) values ('Thana-373','373','Sherpur','শেরপুর','Dist-49');
insert into Thana (oid, thanaCode, nameEn, nameBn, districtOid) values ('Thana-374','374','Shibganj','শিবগঞ্জ','Dist-49');
insert into Thana (oid, thanaCode, nameEn, nameBn, districtOid) values ('Thana-375','375','Sonatola','সোনাতলা','Dist-49');
insert into Thana (oid, thanaCode, nameEn, nameBn, districtOid) values ('Thana-376','376','Bholahat','ভোলাহাট','Dist-50');
insert into Thana (oid, thanaCode, nameEn, nameBn, districtOid) values ('Thana-377','377','Chapinawabganj Sadar','চাঁপাইনবাবগঞ্জসদর','Dist-50');
insert into Thana (oid, thanaCode, nameEn, nameBn, districtOid) values ('Thana-378','378','Nachol','নাচল','Dist-50');
insert into Thana (oid, thanaCode, nameEn, nameBn, districtOid) values ('Thana-379','379','Rohanpur','রোহনপুর','Dist-50');
insert into Thana (oid, thanaCode, nameEn, nameBn, districtOid) values ('Thana-38','38','Monnunagar','মনু নগর','Dist-3');
insert into Thana (oid, thanaCode, nameEn, nameBn, districtOid) values ('Thana-380','380','Shibganj U.P.O','শিবগঞ্জ ইউ পি ও','Dist-50');
insert into Thana (oid, thanaCode, nameEn, nameBn, districtOid) values ('Thana-381','381','Akkelpur','আক্কেলপুর','Dist-51');
insert into Thana (oid, thanaCode, nameEn, nameBn, districtOid) values ('Thana-382','382','Joypurhat Sadar','জয়পুরহাট সদর','Dist-51');
insert into Thana (oid, thanaCode, nameEn, nameBn, districtOid) values ('Thana-383','383','kalai','কালাই','Dist-51');
insert into Thana (oid, thanaCode, nameEn, nameBn, districtOid) values ('Thana-384','384','Khetlal','ক্ষেতলাল','Dist-51');
insert into Thana (oid, thanaCode, nameEn, nameBn, districtOid) values ('Thana-385','385','panchbibi','পাঁচবিবি','Dist-51');
insert into Thana (oid, thanaCode, nameEn, nameBn, districtOid) values ('Thana-386','386','Ahsanganj','আসানগঞ্জ','Dist-52');
insert into Thana (oid, thanaCode, nameEn, nameBn, districtOid) values ('Thana-387','387','Badalgachhi','বদলগাছী','Dist-52');
insert into Thana (oid, thanaCode, nameEn, nameBn, districtOid) values ('Thana-388','388','Dhamuirhat','ধামুইরহাট','Dist-52');
insert into Thana (oid, thanaCode, nameEn, nameBn, districtOid) values ('Thana-389','389','Mahadebpur','মহাদেবপুর','Dist-52');
insert into Thana (oid, thanaCode, nameEn, nameBn, districtOid) values ('Thana-39','39','Sreepur','শ্রীপুর','Dist-3');
insert into Thana (oid, thanaCode, nameEn, nameBn, districtOid) values ('Thana-390','390','Naogaon Sadar','নওগাঁ সদর','Dist-52');
insert into Thana (oid, thanaCode, nameEn, nameBn, districtOid) values ('Thana-391','391','Niamatpur','নিয়ামতপুর','Dist-52');
insert into Thana (oid, thanaCode, nameEn, nameBn, districtOid) values ('Thana-392','392','Nitpur','নিতপুর','Dist-52');
insert into Thana (oid, thanaCode, nameEn, nameBn, districtOid) values ('Thana-393','393','Patnitala','পত্নীতলা','Dist-52');
insert into Thana (oid, thanaCode, nameEn, nameBn, districtOid) values ('Thana-394','394','Prasadpur','প্রাসাদপুর','Dist-52');
insert into Thana (oid, thanaCode, nameEn, nameBn, districtOid) values ('Thana-395','395','Raninagar','রানীনগর','Dist-52');
insert into Thana (oid, thanaCode, nameEn, nameBn, districtOid) values ('Thana-396','396','Sapahar','সাপাহার','Dist-52');
insert into Thana (oid, thanaCode, nameEn, nameBn, districtOid) values ('Thana-397','397','Gopalpur UPO','গোপালপুর','Dist-53');
insert into Thana (oid, thanaCode, nameEn, nameBn, districtOid) values ('Thana-398','398','Harua','হারুয়া','Dist-53');
insert into Thana (oid, thanaCode, nameEn, nameBn, districtOid) values ('Thana-399','399','Hatgurudaspur','হাট গুরুদাসপুর','Dist-53');
insert into Thana (oid, thanaCode, nameEn, nameBn, districtOid) values ('Thana-4','4','Dhanmondi','ধানমন্ডি','Dist-1');
insert into Thana (oid, thanaCode, nameEn, nameBn, districtOid) values ('Thana-40','40','Sripur','শ্রীপুর','Dist-3');
insert into Thana (oid, thanaCode, nameEn, nameBn, districtOid) values ('Thana-400','400','Laxman','লক্ষ্মণ','Dist-53');
insert into Thana (oid, thanaCode, nameEn, nameBn, districtOid) values ('Thana-401','401','Natore Sadar','নাটোর সদর','Dist-53');
insert into Thana (oid, thanaCode, nameEn, nameBn, districtOid) values ('Thana-402','402','Singra','সিংড়া','Dist-53');
insert into Thana (oid, thanaCode, nameEn, nameBn, districtOid) values ('Thana-403','403','Banwarinagar','বানওয়ারি নগর','Dist-54');
insert into Thana (oid, thanaCode, nameEn, nameBn, districtOid) values ('Thana-404','404','Bera','বেড়া','Dist-54');
insert into Thana (oid, thanaCode, nameEn, nameBn, districtOid) values ('Thana-405','405','Bhangura','ভাঙ্গুরা','Dist-54');
insert into Thana (oid, thanaCode, nameEn, nameBn, districtOid) values ('Thana-406','406','Chatmohar','চাটমোহর','Dist-54');
insert into Thana (oid, thanaCode, nameEn, nameBn, districtOid) values ('Thana-407','407','Debottar','দেবোত্তর','Dist-54');
insert into Thana (oid, thanaCode, nameEn, nameBn, districtOid) values ('Thana-408','408','Ishwardi','ঈশ্বরদী','Dist-54');
insert into Thana (oid, thanaCode, nameEn, nameBn, districtOid) values ('Thana-409','409','Pabna Sadar','পাবনা সদর','Dist-54');
insert into Thana (oid, thanaCode, nameEn, nameBn, districtOid) values ('Thana-41','41','Gopalganj Sadar','গোপালগঞ্জ সদর','Dist-4');
insert into Thana (oid, thanaCode, nameEn, nameBn, districtOid) values ('Thana-410','410','Sathia','সাথিয়া','Dist-54');
insert into Thana (oid, thanaCode, nameEn, nameBn, districtOid) values ('Thana-411','411','Sujanagar','সুজানগর','Dist-54');
insert into Thana (oid, thanaCode, nameEn, nameBn, districtOid) values ('Thana-412','412','Bagha','বাঘা','Dist-55');
insert into Thana (oid, thanaCode, nameEn, nameBn, districtOid) values ('Thana-413','413','Bhabaniganj','ভবানীগঞ্জ','Dist-55');
insert into Thana (oid, thanaCode, nameEn, nameBn, districtOid) values ('Thana-414','414','Charghat','চারঘাট','Dist-55');
insert into Thana (oid, thanaCode, nameEn, nameBn, districtOid) values ('Thana-415','415','Durgapur','দুর্গাপুর','Dist-55');
insert into Thana (oid, thanaCode, nameEn, nameBn, districtOid) values ('Thana-416','416','Godagari','গোদাগাড়ী','Dist-55');
insert into Thana (oid, thanaCode, nameEn, nameBn, districtOid) values ('Thana-417','417','Khod Mohanpur','খোদমোহনপুর','Dist-55');
insert into Thana (oid, thanaCode, nameEn, nameBn, districtOid) values ('Thana-418','418','Lalitganj','লালিতগঞ্জ','Dist-55');
insert into Thana (oid, thanaCode, nameEn, nameBn, districtOid) values ('Thana-419','419','Putia','পুটিয়া','Dist-55');
insert into Thana (oid, thanaCode, nameEn, nameBn, districtOid) values ('Thana-42','42','Kashiani','কাশিয়ানী','Dist-4');
insert into Thana (oid, thanaCode, nameEn, nameBn, districtOid) values ('Thana-420','420','Rajshahi Sadar','রাজশাহী সদর','Dist-55');
insert into Thana (oid, thanaCode, nameEn, nameBn, districtOid) values ('Thana-421','421','Tanor','তানোরে','Dist-55');
insert into Thana (oid, thanaCode, nameEn, nameBn, districtOid) values ('Thana-422','422','Baiddya Jam Toil','বৈদ্য জাম তৈল','Dist-56');
insert into Thana (oid, thanaCode, nameEn, nameBn, districtOid) values ('Thana-423','423','Belkuchi','বেলকুচি','Dist-56');
insert into Thana (oid, thanaCode, nameEn, nameBn, districtOid) values ('Thana-424','424','Dhangora','ধানগর','Dist-56');
insert into Thana (oid, thanaCode, nameEn, nameBn, districtOid) values ('Thana-425','425','Kazipur','কাজীপুর','Dist-56');
insert into Thana (oid, thanaCode, nameEn, nameBn, districtOid) values ('Thana-426','426','Shahjadpur','শাহজাদপুর','Dist-56');
insert into Thana (oid, thanaCode, nameEn, nameBn, districtOid) values ('Thana-427','427','Sirajganj Sadar','সিরাজগঞ্জ সদর','Dist-56');
insert into Thana (oid, thanaCode, nameEn, nameBn, districtOid) values ('Thana-428','428','Tarash','তাড়াশ','Dist-56');
insert into Thana (oid, thanaCode, nameEn, nameBn, districtOid) values ('Thana-429','429','Ullapara','উল্লাপাড়া','Dist-56');
insert into Thana (oid, thanaCode, nameEn, nameBn, districtOid) values ('Thana-43','43','Kotalipara','কোটালীপাড়া','Dist-4');
insert into Thana (oid, thanaCode, nameEn, nameBn, districtOid) values ('Thana-430','430','Bangla Hili','বাংলা হিলি','Dist-57');
insert into Thana (oid, thanaCode, nameEn, nameBn, districtOid) values ('Thana-431','431','Biral','বিরল','Dist-57');
insert into Thana (oid, thanaCode, nameEn, nameBn, districtOid) values ('Thana-432','432','Birampur','বিরামপুর','Dist-57');
insert into Thana (oid, thanaCode, nameEn, nameBn, districtOid) values ('Thana-433','433','Birganj','বীরগঞ্জ','Dist-57');
insert into Thana (oid, thanaCode, nameEn, nameBn, districtOid) values ('Thana-434','434','Chrirbandar','চিরিরবন্দর','Dist-57');
insert into Thana (oid, thanaCode, nameEn, nameBn, districtOid) values ('Thana-435','435','Dinajpur Sadar','দিনাজপুর সদর','Dist-57');
insert into Thana (oid, thanaCode, nameEn, nameBn, districtOid) values ('Thana-436','436','Khansama','খানসামা','Dist-57');
insert into Thana (oid, thanaCode, nameEn, nameBn, districtOid) values ('Thana-437','437','Maharajganj','মহারাজগঞ্জ','Dist-57');
insert into Thana (oid, thanaCode, nameEn, nameBn, districtOid) values ('Thana-438','438','Nababganj','নবাবগঞ্জ জেলায়','Dist-57');
insert into Thana (oid, thanaCode, nameEn, nameBn, districtOid) values ('Thana-439','439','Osmanpur','ওসমানপুর','Dist-57');
insert into Thana (oid, thanaCode, nameEn, nameBn, districtOid) values ('Thana-44','44','Maksudpur','মকসুদপুর','Dist-4');
insert into Thana (oid, thanaCode, nameEn, nameBn, districtOid) values ('Thana-440','440','Parbatipur','পার্বতীপুর','Dist-57');
insert into Thana (oid, thanaCode, nameEn, nameBn, districtOid) values ('Thana-441','441','Phulbari','ফুলবাড়ী','Dist-57');
insert into Thana (oid, thanaCode, nameEn, nameBn, districtOid) values ('Thana-442','442','Setabganj','শেতাবগঞ্জ','Dist-57');
insert into Thana (oid, thanaCode, nameEn, nameBn, districtOid) values ('Thana-443','443','Bonarpara','বনারপারা','Dist-58');
insert into Thana (oid, thanaCode, nameEn, nameBn, districtOid) values ('Thana-444','444','Gaibandha Sadar','গাইবান্ধা সদর','Dist-58');
insert into Thana (oid, thanaCode, nameEn, nameBn, districtOid) values ('Thana-445','445','Gobindaganj','গোবিন্দগঞ্জ','Dist-58');
insert into Thana (oid, thanaCode, nameEn, nameBn, districtOid) values ('Thana-446','446','Palashbari','পলাশবাড়ী','Dist-58');
insert into Thana (oid, thanaCode, nameEn, nameBn, districtOid) values ('Thana-447','447','Phulchhari','ফুলছড়ি','Dist-58');
insert into Thana (oid, thanaCode, nameEn, nameBn, districtOid) values ('Thana-448','448','Saadullapur','সাদ্যুলাপুর','Dist-58');
insert into Thana (oid, thanaCode, nameEn, nameBn, districtOid) values ('Thana-449','449','Sundarganj','সুন্দরগঞ্জ','Dist-58');
insert into Thana (oid, thanaCode, nameEn, nameBn, districtOid) values ('Thana-45','45','Tungipara','টুঙ্গিপাড়া','Dist-4');
insert into Thana (oid, thanaCode, nameEn, nameBn, districtOid) values ('Thana-450','450','Bhurungamari','ভুরুঙ্গামারী','Dist-59');
insert into Thana (oid, thanaCode, nameEn, nameBn, districtOid) values ('Thana-451','451','Chilmari','চিলমারী','Dist-59');
insert into Thana (oid, thanaCode, nameEn, nameBn, districtOid) values ('Thana-452','452','Kurigram Sadar','কুড়িগ্রাম সদর','Dist-59');
insert into Thana (oid, thanaCode, nameEn, nameBn, districtOid) values ('Thana-453','453','Nageshwar','নাগেশ্বরী','Dist-59');
insert into Thana (oid, thanaCode, nameEn, nameBn, districtOid) values ('Thana-454','454','Rajarhat','রাজারহাট','Dist-59');
insert into Thana (oid, thanaCode, nameEn, nameBn, districtOid) values ('Thana-455','455','Rajibpur','রাজিবপুর','Dist-59');
insert into Thana (oid, thanaCode, nameEn, nameBn, districtOid) values ('Thana-456','456','Roumari','রৌমারী','Dist-59');
insert into Thana (oid, thanaCode, nameEn, nameBn, districtOid) values ('Thana-457','457','Ulipur','উলিপুর','Dist-59');
insert into Thana (oid, thanaCode, nameEn, nameBn, districtOid) values ('Thana-458','458','Aditmari','আদিতমারী','Dist-60');
insert into Thana (oid, thanaCode, nameEn, nameBn, districtOid) values ('Thana-459','459','Hatibandha','হাতীবান্ধা','Dist-60');
insert into Thana (oid, thanaCode, nameEn, nameBn, districtOid) values ('Thana-46','46','Dewangonj','দেয়ানগঞ্জ','Dist-5');
insert into Thana (oid, thanaCode, nameEn, nameBn, districtOid) values ('Thana-460','460','Lalmonirhat Sadar','লালমনিরহাট সদর','Dist-60');
insert into Thana (oid, thanaCode, nameEn, nameBn, districtOid) values ('Thana-461','461','Patgram','পাটগ্রাম','Dist-60');
insert into Thana (oid, thanaCode, nameEn, nameBn, districtOid) values ('Thana-462','462','Tushbhandar','তুশভান্দার','Dist-60');
insert into Thana (oid, thanaCode, nameEn, nameBn, districtOid) values ('Thana-463','463','Dimla','ডিমলা','Dist-61');
insert into Thana (oid, thanaCode, nameEn, nameBn, districtOid) values ('Thana-464','464','Domar','ডোমার','Dist-61');
insert into Thana (oid, thanaCode, nameEn, nameBn, districtOid) values ('Thana-465','465','Jaldhaka','জলঢাকা','Dist-61');
insert into Thana (oid, thanaCode, nameEn, nameBn, districtOid) values ('Thana-466','466','Kishoriganj','কিশোরগঞ্জ','Dist-61');
insert into Thana (oid, thanaCode, nameEn, nameBn, districtOid) values ('Thana-467','467','Nilphamari Sadar','নীলফামারী সদর','Dist-61');
insert into Thana (oid, thanaCode, nameEn, nameBn, districtOid) values ('Thana-468','468','Syedpur','সৈয়দপুর','Dist-61');
insert into Thana (oid, thanaCode, nameEn, nameBn, districtOid) values ('Thana-469','469','Boda','বোদা','Dist-62');
insert into Thana (oid, thanaCode, nameEn, nameBn, districtOid) values ('Thana-47','47','Islampur','ইসলামপুর','Dist-5');
insert into Thana (oid, thanaCode, nameEn, nameBn, districtOid) values ('Thana-470','470','Chotto Dab','ছট্টো দাব','Dist-62');
insert into Thana (oid, thanaCode, nameEn, nameBn, districtOid) values ('Thana-471','471','Dabiganj','দেবীগঞ্জ','Dist-62');
insert into Thana (oid, thanaCode, nameEn, nameBn, districtOid) values ('Thana-472','472','Panchagra Sadar','পঞ্চগড়সদর','Dist-62');
insert into Thana (oid, thanaCode, nameEn, nameBn, districtOid) values ('Thana-473','473','Tetulia','তেঁতুলিয়া','Dist-62');
insert into Thana (oid, thanaCode, nameEn, nameBn, districtOid) values ('Thana-474','474','Badarganj','বদরগঞ্জ','Dist-63');
insert into Thana (oid, thanaCode, nameEn, nameBn, districtOid) values ('Thana-475','475','Gangachara','গঙ্গাচড়া','Dist-63');
insert into Thana (oid, thanaCode, nameEn, nameBn, districtOid) values ('Thana-476','476','Kaunia','কাউনিয়া','Dist-63');
insert into Thana (oid, thanaCode, nameEn, nameBn, districtOid) values ('Thana-477','477','Mithapukur','মিঠাপুকুর','Dist-63');
insert into Thana (oid, thanaCode, nameEn, nameBn, districtOid) values ('Thana-478','478','Pirgachha','পীরগাছা','Dist-63');
insert into Thana (oid, thanaCode, nameEn, nameBn, districtOid) values ('Thana-479','479','Rangpur Sadar','রংপুর সদর','Dist-63');
insert into Thana (oid, thanaCode, nameEn, nameBn, districtOid) values ('Thana-48','48','Jamalpur','জামালপুর','Dist-5');
insert into Thana (oid, thanaCode, nameEn, nameBn, districtOid) values ('Thana-480','480','Taraganj','তারাগঞ্জ','Dist-63');
insert into Thana (oid, thanaCode, nameEn, nameBn, districtOid) values ('Thana-481','481','Baliadangi','বালিয়াডাঙ্গী','Dist-64');
insert into Thana (oid, thanaCode, nameEn, nameBn, districtOid) values ('Thana-482','482','Jibanpur','জীবনপুর','Dist-64');
insert into Thana (oid, thanaCode, nameEn, nameBn, districtOid) values ('Thana-483','483','Pirganj','পীরগঞ্জ','Dist-64');
insert into Thana (oid, thanaCode, nameEn, nameBn, districtOid) values ('Thana-484','484','Rani Sankail','রাণীশংকৈল','Dist-64');
insert into Thana (oid, thanaCode, nameEn, nameBn, districtOid) values ('Thana-485','485','Thakurgaon Sadar','ঠাকুরগাঁও সদর','Dist-64');
insert into Thana (oid, thanaCode, nameEn, nameBn, districtOid) values ('Thana-49','49','Malandah','মেলান্দহ','Dist-5');
insert into Thana (oid, thanaCode, nameEn, nameBn, districtOid) values ('Thana-5','5','Gulshan','গুলশান','Dist-1');
insert into Thana (oid, thanaCode, nameEn, nameBn, districtOid) values ('Thana-50','50','Mathargonj','মাদারগঞ্জ','Dist-5');
insert into Thana (oid, thanaCode, nameEn, nameBn, districtOid) values ('Thana-51','51','Shorishabari','সরিষাবাড়ী','Dist-5');
insert into Thana (oid, thanaCode, nameEn, nameBn, districtOid) values ('Thana-52','52','Bajitpur','বাজিতপুর','Dist-6');
insert into Thana (oid, thanaCode, nameEn, nameBn, districtOid) values ('Thana-53','53','Bhairob','ভৈরব','Dist-6');
insert into Thana (oid, thanaCode, nameEn, nameBn, districtOid) values ('Thana-54','54','Hossenpur','হোসেনপুর','Dist-6');
insert into Thana (oid, thanaCode, nameEn, nameBn, districtOid) values ('Thana-55','55','Itna','ইটনা','Dist-6');
insert into Thana (oid, thanaCode, nameEn, nameBn, districtOid) values ('Thana-56','56','Karimganj','করিমগঞ্জ','Dist-6');
insert into Thana (oid, thanaCode, nameEn, nameBn, districtOid) values ('Thana-57','57','Katiadi','কটিয়াদি','Dist-6');
insert into Thana (oid, thanaCode, nameEn, nameBn, districtOid) values ('Thana-58','58','Kishoreganj Sadar','কিশোরগঞ্জ সদর','Dist-6');
insert into Thana (oid, thanaCode, nameEn, nameBn, districtOid) values ('Thana-59','59','Kuliarchar','কুলিয়ারচর','Dist-6');
insert into Thana (oid, thanaCode, nameEn, nameBn, districtOid) values ('Thana-6','6','Jatrabari','যাত্রাবাড়ি','Dist-1');
insert into Thana (oid, thanaCode, nameEn, nameBn, districtOid) values ('Thana-60','60','Mithamoin','মিঠামইন','Dist-6');
insert into Thana (oid, thanaCode, nameEn, nameBn, districtOid) values ('Thana-61','61','Nikli','নিকলী','Dist-6');
insert into Thana (oid, thanaCode, nameEn, nameBn, districtOid) values ('Thana-62','62','Ostagram','অস্টগ্রাম','Dist-6');
insert into Thana (oid, thanaCode, nameEn, nameBn, districtOid) values ('Thana-63','63','Pakundia','পাকুন্দিয়া','Dist-6');
insert into Thana (oid, thanaCode, nameEn, nameBn, districtOid) values ('Thana-64','64','Tarial','তাড়াইল','Dist-6');
insert into Thana (oid, thanaCode, nameEn, nameBn, districtOid) values ('Thana-65','65','Barhamganj','বারহামগঞ্জ','Dist-7');
insert into Thana (oid, thanaCode, nameEn, nameBn, districtOid) values ('Thana-66','66','kalkini','কালকিনি','Dist-7');
insert into Thana (oid, thanaCode, nameEn, nameBn, districtOid) values ('Thana-67','67','Madaripur Sadar','মাদারীপুর সদর','Dist-7');
insert into Thana (oid, thanaCode, nameEn, nameBn, districtOid) values ('Thana-68','68','Rajoir','রাজৈর','Dist-7');
insert into Thana (oid, thanaCode, nameEn, nameBn, districtOid) values ('Thana-69','69','Doulatpur','দৌলতপুর','Dist-8');
insert into Thana (oid, thanaCode, nameEn, nameBn, districtOid) values ('Thana-7','7','Joypara','জয়পারা','Dist-1');
insert into Thana (oid, thanaCode, nameEn, nameBn, districtOid) values ('Thana-70','70','Gheor','গিওর','Dist-8');
insert into Thana (oid, thanaCode, nameEn, nameBn, districtOid) values ('Thana-71','71','Lechhraganj','লেছহ্রাগঞ্জ','Dist-8');
insert into Thana (oid, thanaCode, nameEn, nameBn, districtOid) values ('Thana-72','72','Manikganj Sadar','মানিকগঞ্জ সদর','Dist-8');
insert into Thana (oid, thanaCode, nameEn, nameBn, districtOid) values ('Thana-73','73','Saturia','সাটুরিয়া','Dist-8');
insert into Thana (oid, thanaCode, nameEn, nameBn, districtOid) values ('Thana-74','74','Shibloya','শিবালয়','Dist-8');
insert into Thana (oid, thanaCode, nameEn, nameBn, districtOid) values ('Thana-75','75','Singari','সিংগাইর','Dist-8');
insert into Thana (oid, thanaCode, nameEn, nameBn, districtOid) values ('Thana-76','76','Gajaria','গজারিয়া','Dist-9');
insert into Thana (oid, thanaCode, nameEn, nameBn, districtOid) values ('Thana-77','77','Lohajong','লৌহজং','Dist-9');
insert into Thana (oid, thanaCode, nameEn, nameBn, districtOid) values ('Thana-78','78','Munshiganj Sadar','মুন্সীগঞ্জ সদর','Dist-9');
insert into Thana (oid, thanaCode, nameEn, nameBn, districtOid) values ('Thana-79','79','Sirajdikhan','সিরাজদিখান','Dist-9');
insert into Thana (oid, thanaCode, nameEn, nameBn, districtOid) values ('Thana-8','8','Keraniganj','কেরানীগঞ্জ','Dist-1');
insert into Thana (oid, thanaCode, nameEn, nameBn, districtOid) values ('Thana-80','80','Srinagar','শ্রীনগর','Dist-9');
insert into Thana (oid, thanaCode, nameEn, nameBn, districtOid) values ('Thana-81','81','Tangibari','টঙ্গিবাড়ী','Dist-9');
insert into Thana (oid, thanaCode, nameEn, nameBn, districtOid) values ('Thana-82','82','Bhaluka','ভালুকা','Dist-10');
insert into Thana (oid, thanaCode, nameEn, nameBn, districtOid) values ('Thana-83','83','Fulbaria','ফুলবাড়িয়া','Dist-10');
insert into Thana (oid, thanaCode, nameEn, nameBn, districtOid) values ('Thana-84','84','Gaforgaon','গফরগাঁও','Dist-10');
insert into Thana (oid, thanaCode, nameEn, nameBn, districtOid) values ('Thana-85','85','Gouripur','গৌরীপুর','Dist-10');
insert into Thana (oid, thanaCode, nameEn, nameBn, districtOid) values ('Thana-86','86','Haluaghat','হালুয়াঘাট','Dist-10');
insert into Thana (oid, thanaCode, nameEn, nameBn, districtOid) values ('Thana-87','87','Isshwargonj','ঈশ্বরগঞ্জ','Dist-10');
insert into Thana (oid, thanaCode, nameEn, nameBn, districtOid) values ('Thana-88','88','Muktagachha','মুক্তাগাছা','Dist-10');
insert into Thana (oid, thanaCode, nameEn, nameBn, districtOid) values ('Thana-89','89','Mymensingh Sadar','ময়মনসিংহ সদর','Dist-10');
insert into Thana (oid, thanaCode, nameEn, nameBn, districtOid) values ('Thana-9','9','Khilgaon','খিলগাঁও','Dist-1');
insert into Thana (oid, thanaCode, nameEn, nameBn, districtOid) values ('Thana-90','90','Nandail','নান্দাইল','Dist-10');
insert into Thana (oid, thanaCode, nameEn, nameBn, districtOid) values ('Thana-91','91','Phulpur','ফুলপুর','Dist-10');
insert into Thana (oid, thanaCode, nameEn, nameBn, districtOid) values ('Thana-92','92','Trishal','ত্রিশাল','Dist-10');
insert into Thana (oid, thanaCode, nameEn, nameBn, districtOid) values ('Thana-93','93','Araihazar','আড়াইহাজার','Dist-11');
insert into Thana (oid, thanaCode, nameEn, nameBn, districtOid) values ('Thana-94','94','Baidder Bazar','বাঈদার বাজার','Dist-11');
insert into Thana (oid, thanaCode, nameEn, nameBn, districtOid) values ('Thana-95','95','Bandar','বাঁদর','Dist-11');
insert into Thana (oid, thanaCode, nameEn, nameBn, districtOid) values ('Thana-96','96','Fatullah','ফতুল্লা','Dist-11');
insert into Thana (oid, thanaCode, nameEn, nameBn, districtOid) values ('Thana-97','97','Narayanganj Sadar','নারায়ণগঞ্জ সদর','Dist-11');
insert into Thana (oid, thanaCode, nameEn, nameBn, districtOid) values ('Thana-98','98','Rupganj','রূপগঞ্জ','Dist-11');
insert into Thana (oid, thanaCode, nameEn, nameBn, districtOid) values ('Thana-99','99','Siddirganj','সিদ্ধিরগঞ্জ','Dist-11');

-- PostOffice
insert into PostOffice (oid, postCode, nameEn, nameBn, thanaOid) values ('Post-1','1360','Demra','ডেমরা','Thana-1');
insert into PostOffice (oid, postCode, nameEn, nameBn, thanaOid) values ('Post-10','1232','Dhania TSO','ধানিয়া টিএসও','Thana-6');
insert into PostOffice (oid, postCode, nameEn, nameBn, thanaOid) values ('Post-100','8110','Kotalipara','কোটালীপাড়া','Thana-43');
insert into PostOffice (oid, postCode, nameEn, nameBn, thanaOid) values ('Post-1000','3108','Mogla','মোগলা','Thana-326');
insert into PostOffice (oid, postCode, nameEn, nameBn, thanaOid) values ('Post-1001','3109','Ranga Hajiganj','রাঙ্গা হাজিগন্জ','Thana-326');
insert into PostOffice (oid, postCode, nameEn, nameBn, thanaOid) values ('Post-1002','3114','Shahajalal Science &','শাহজালাল সাইন্স এন্ড','Thana-326');
insert into PostOffice (oid, postCode, nameEn, nameBn, thanaOid) values ('Post-1003','3105','Silam','সিলাম','Thana-326');
insert into PostOffice (oid, postCode, nameEn, nameBn, thanaOid) values ('Post-1004','3100','Sylhe Sadar','সিলেট সদর','Thana-326');
insert into PostOffice (oid, postCode, nameEn, nameBn, thanaOid) values ('Post-1005','3102','Sylhet Biman Bondar','সিলেট বিমান বন্দর','Thana-326');
insert into PostOffice (oid, postCode, nameEn, nameBn, thanaOid) values ('Post-1006','3101','Sylhet Cadet Col','সিলেট ক্যাডেট কল','Thana-326');
insert into PostOffice (oid, postCode, nameEn, nameBn, thanaOid) values ('Post-1007','8710','Amtali','আমতলি','Thana-327');
insert into PostOffice (oid, postCode, nameEn, nameBn, thanaOid) values ('Post-1008','8730','Bamna','বামনা','Thana-328');
insert into PostOffice (oid, postCode, nameEn, nameBn, thanaOid) values ('Post-1009','8700','Barguna Sadar','বরগুনা সদর','Thana-329');
insert into PostOffice (oid, postCode, nameEn, nameBn, thanaOid) values ('Post-101','8141','Batkiamari','বাটকিআমারি','Thana-44');
insert into PostOffice (oid, postCode, nameEn, nameBn, thanaOid) values ('Post-1010','8701','Nali Bandar','নালি বন্দর','Thana-329');
insert into PostOffice (oid, postCode, nameEn, nameBn, thanaOid) values ('Post-1011','8740','Betagi','বেতাগি','Thana-330');
insert into PostOffice (oid, postCode, nameEn, nameBn, thanaOid) values ('Post-1012','8741','Darul Ulam','দারুল উলুম','Thana-330');
insert into PostOffice (oid, postCode, nameEn, nameBn, thanaOid) values ('Post-1013','8721','Kakchira','কাকচিরা','Thana-331');
insert into PostOffice (oid, postCode, nameEn, nameBn, thanaOid) values ('Post-1014','8720','Patharghata','পাথরঘাটা','Thana-331');
insert into PostOffice (oid, postCode, nameEn, nameBn, thanaOid) values ('Post-1015','8240','Agailzhara','আগৈলঝাড়া','Thana-332');
insert into PostOffice (oid, postCode, nameEn, nameBn, thanaOid) values ('Post-1016','8241','Gaila','গালিয়া','Thana-332');
insert into PostOffice (oid, postCode, nameEn, nameBn, thanaOid) values ('Post-1017','8242','Paisarhat','পয়সারহাট','Thana-332');
insert into PostOffice (oid, postCode, nameEn, nameBn, thanaOid) values ('Post-1018','8210','Babuganj','বাবুগন্জ','Thana-333');
insert into PostOffice (oid, postCode, nameEn, nameBn, thanaOid) values ('Post-1019','8216','Barishal Cadet','বরিশাল ক্যাডেট','Thana-333');
insert into PostOffice (oid, postCode, nameEn, nameBn, thanaOid) values ('Post-102','8142','Khandarpara','কান্দারপাড়া','Thana-44');
insert into PostOffice (oid, postCode, nameEn, nameBn, thanaOid) values ('Post-1020','8212','Chandpasha','চান্দপাশা','Thana-333');
insert into PostOffice (oid, postCode, nameEn, nameBn, thanaOid) values ('Post-1021','8213','Madhabpasha','মাধবপাশা','Thana-333');
insert into PostOffice (oid, postCode, nameEn, nameBn, thanaOid) values ('Post-1022','8215','Nizamuddin College','নিজামউদ্দিন কলেজ','Thana-333');
insert into PostOffice (oid, postCode, nameEn, nameBn, thanaOid) values ('Post-1023','8211','Rahamatpur','রহমতপুর','Thana-333');
insert into PostOffice (oid, postCode, nameEn, nameBn, thanaOid) values ('Post-1024','8214','Thakur Mallik','ঠাকুর মল্লিক','Thana-333');
insert into PostOffice (oid, postCode, nameEn, nameBn, thanaOid) values ('Post-1025','8260','Barajalia','বারাজালিয়া','Thana-334');
insert into PostOffice (oid, postCode, nameEn, nameBn, thanaOid) values ('Post-1026','8261','Osman Manjil',null,'Thana-334');
insert into PostOffice (oid, postCode, nameEn, nameBn, thanaOid) values ('Post-1027','8200','Barishal Sadar','Barishal Sadar','Thana-335');
insert into PostOffice (oid, postCode, nameEn, nameBn, thanaOid) values ('Post-1028','8201','Bukhainagar','Bukhainagar','Thana-335');
insert into PostOffice (oid, postCode, nameEn, nameBn, thanaOid) values ('Post-1029','8206','Jaguarhat','Jaguarhat','Thana-335');
insert into PostOffice (oid, postCode, nameEn, nameBn, thanaOid) values ('Post-103','8140','Maksudpur','Maksudpur','Thana-44');
insert into PostOffice (oid, postCode, nameEn, nameBn, thanaOid) values ('Post-1030','8205','Kashipur','Kashipur','Thana-335');
insert into PostOffice (oid, postCode, nameEn, nameBn, thanaOid) values ('Post-1031','8204','Patang','Patang','Thana-335');
insert into PostOffice (oid, postCode, nameEn, nameBn, thanaOid) values ('Post-1032','8202','Saheberhat','Saheberhat','Thana-335');
insert into PostOffice (oid, postCode, nameEn, nameBn, thanaOid) values ('Post-1033','8203','Sugandia','Sugandia','Thana-335');
insert into PostOffice (oid, postCode, nameEn, nameBn, thanaOid) values ('Post-1034','8233','Batajor','Batajor','Thana-336');
insert into PostOffice (oid, postCode, nameEn, nameBn, thanaOid) values ('Post-1035','8230','Gouranadi','Gouranadi','Thana-336');
insert into PostOffice (oid, postCode, nameEn, nameBn, thanaOid) values ('Post-1036','8232','Kashemabad','Kashemabad','Thana-336');
insert into PostOffice (oid, postCode, nameEn, nameBn, thanaOid) values ('Post-1037','8231','Tarki Bandar','Tarki Bandar','Thana-336');
insert into PostOffice (oid, postCode, nameEn, nameBn, thanaOid) values ('Post-1038','8274','Langutia','Langutia','Thana-337');
insert into PostOffice (oid, postCode, nameEn, nameBn, thanaOid) values ('Post-1039','8271','Laskarpur','Laskarpur','Thana-337');
insert into PostOffice (oid, postCode, nameEn, nameBn, thanaOid) values ('Post-104','8121','Patgati','Patgati','Thana-45');
insert into PostOffice (oid, postCode, nameEn, nameBn, thanaOid) values ('Post-1040','8270','Mahendiganj','Mahendiganj','Thana-337');
insert into PostOffice (oid, postCode, nameEn, nameBn, thanaOid) values ('Post-1041','8273','Nalgora','Nalgora','Thana-337');
insert into PostOffice (oid, postCode, nameEn, nameBn, thanaOid) values ('Post-1042','8272','Ulania','Ulania','Thana-337');
insert into PostOffice (oid, postCode, nameEn, nameBn, thanaOid) values ('Post-1043','8252','Charkalekhan','Charkalekhan','Thana-338');
insert into PostOffice (oid, postCode, nameEn, nameBn, thanaOid) values ('Post-1044','8251','Kazirchar','Kazirchar','Thana-338');
insert into PostOffice (oid, postCode, nameEn, nameBn, thanaOid) values ('Post-1045','8250','Muladi','Muladi','Thana-338');
insert into PostOffice (oid, postCode, nameEn, nameBn, thanaOid) values ('Post-1046','8281','Charamandi','Charamandi','Thana-339');
insert into PostOffice (oid, postCode, nameEn, nameBn, thanaOid) values ('Post-1047','8284','kalaskati','kalaskati','Thana-339');
insert into PostOffice (oid, postCode, nameEn, nameBn, thanaOid) values ('Post-1048','8282','Padri Shibpur','Padri Shibpur','Thana-339');
insert into PostOffice (oid, postCode, nameEn, nameBn, thanaOid) values ('Post-1049','8280','Sahebganj','Sahebganj','Thana-339');
insert into PostOffice (oid, postCode, nameEn, nameBn, thanaOid) values ('Post-105','8120','Tungipara','Tungipara','Thana-45');
insert into PostOffice (oid, postCode, nameEn, nameBn, thanaOid) values ('Post-1050','8283','Shialguni','Shialguni','Thana-339');
insert into PostOffice (oid, postCode, nameEn, nameBn, thanaOid) values ('Post-1051','8223','Dakuarhat','Dakuarhat','Thana-340');
insert into PostOffice (oid, postCode, nameEn, nameBn, thanaOid) values ('Post-1052','8221','Dhamura','Dhamura','Thana-340');
insert into PostOffice (oid, postCode, nameEn, nameBn, thanaOid) values ('Post-1053','8222','Jugirkanda','Jugirkanda','Thana-340');
insert into PostOffice (oid, postCode, nameEn, nameBn, thanaOid) values ('Post-1054','8224','Shikarpur','Shikarpur','Thana-340');
insert into PostOffice (oid, postCode, nameEn, nameBn, thanaOid) values ('Post-1055','8220','Uzirpur','Uzirpur','Thana-340');
insert into PostOffice (oid, postCode, nameEn, nameBn, thanaOid) values ('Post-1056','8300','Bhola Sadar','Bhola Sadar','Thana-341');
insert into PostOffice (oid, postCode, nameEn, nameBn, thanaOid) values ('Post-1057','8301','Joynagar','Joynagar','Thana-341');
insert into PostOffice (oid, postCode, nameEn, nameBn, thanaOid) values ('Post-1058','8320','Borhanuddin UPO','Borhanuddin UPO','Thana-342');
insert into PostOffice (oid, postCode, nameEn, nameBn, thanaOid) values ('Post-1059','8321','Mirzakalu','Mirzakalu','Thana-342');
insert into PostOffice (oid, postCode, nameEn, nameBn, thanaOid) values ('Post-106','2030','Dewangonj','Dewangonj','Thana-46');
insert into PostOffice (oid, postCode, nameEn, nameBn, thanaOid) values ('Post-1060','8340','Charfashion','Charfashion','Thana-343');
insert into PostOffice (oid, postCode, nameEn, nameBn, thanaOid) values ('Post-1061','8341','Dularhat','Dularhat','Thana-343');
insert into PostOffice (oid, postCode, nameEn, nameBn, thanaOid) values ('Post-1062','8342','Keramatganj','Keramatganj','Thana-343');
insert into PostOffice (oid, postCode, nameEn, nameBn, thanaOid) values ('Post-1063','8310','Doulatkhan','Doulatkhan','Thana-344');
insert into PostOffice (oid, postCode, nameEn, nameBn, thanaOid) values ('Post-1064','8311','Hajipur','Hajipur','Thana-344');
insert into PostOffice (oid, postCode, nameEn, nameBn, thanaOid) values ('Post-1065','8360','Hajirhat','Hajirhat','Thana-345');
insert into PostOffice (oid, postCode, nameEn, nameBn, thanaOid) values ('Post-1066','8350','Hatshoshiganj','Hatshoshiganj','Thana-346');
insert into PostOffice (oid, postCode, nameEn, nameBn, thanaOid) values ('Post-1067','8331','Daurihat','Daurihat','Thana-347');
insert into PostOffice (oid, postCode, nameEn, nameBn, thanaOid) values ('Post-1068','8332','Gazaria','Gazaria','Thana-347');
insert into PostOffice (oid, postCode, nameEn, nameBn, thanaOid) values ('Post-1069','8330','Lalmohan UPO','Lalmohan UPO','Thana-347');
insert into PostOffice (oid, postCode, nameEn, nameBn, thanaOid) values ('Post-107','2031','Dewangonj S. Mills','Dewangonj S. Mills','Thana-46');
insert into PostOffice (oid, postCode, nameEn, nameBn, thanaOid) values ('Post-1070','8402','Baukathi','Baukathi','Thana-348');
insert into PostOffice (oid, postCode, nameEn, nameBn, thanaOid) values ('Post-1071','8403','Gabha','Gabha','Thana-348');
insert into PostOffice (oid, postCode, nameEn, nameBn, thanaOid) values ('Post-1072','8400','Jhalokathi Sadar','Jhalokathi Sadar','Thana-348');
insert into PostOffice (oid, postCode, nameEn, nameBn, thanaOid) values ('Post-1073','8401','Nabagram','Nabagram','Thana-348');
insert into PostOffice (oid, postCode, nameEn, nameBn, thanaOid) values ('Post-1074','8404','Shekherhat','Shekherhat','Thana-348');
insert into PostOffice (oid, postCode, nameEn, nameBn, thanaOid) values ('Post-1075','8431','Amua','Amua','Thana-349');
insert into PostOffice (oid, postCode, nameEn, nameBn, thanaOid) values ('Post-1076','8430','Kathalia','Kathalia','Thana-349');
insert into PostOffice (oid, postCode, nameEn, nameBn, thanaOid) values ('Post-1077','8432','Niamatee','Niamatee','Thana-349');
insert into PostOffice (oid, postCode, nameEn, nameBn, thanaOid) values ('Post-1078','8433','Shoulajalia','Shoulajalia','Thana-349');
insert into PostOffice (oid, postCode, nameEn, nameBn, thanaOid) values ('Post-1079','8421','Beerkathi','Beerkathi','Thana-350');
insert into PostOffice (oid, postCode, nameEn, nameBn, thanaOid) values ('Post-108','2021','Durmoot','Durmoot','Thana-47');
insert into PostOffice (oid, postCode, nameEn, nameBn, thanaOid) values ('Post-1080','8420','Nalchhiti','Nalchhiti','Thana-350');
insert into PostOffice (oid, postCode, nameEn, nameBn, thanaOid) values ('Post-1081','8410','Rajapur','Rajapur','Thana-351');
insert into PostOffice (oid, postCode, nameEn, nameBn, thanaOid) values ('Post-1082','8621','Bagabandar','Bagabandar','Thana-352');
insert into PostOffice (oid, postCode, nameEn, nameBn, thanaOid) values ('Post-1083','8620','Bauphal','Bauphal','Thana-352');
insert into PostOffice (oid, postCode, nameEn, nameBn, thanaOid) values ('Post-1084','8622','Birpasha','Birpasha','Thana-352');
insert into PostOffice (oid, postCode, nameEn, nameBn, thanaOid) values ('Post-1085','8624','Kalaia','Kalaia','Thana-352');
insert into PostOffice (oid, postCode, nameEn, nameBn, thanaOid) values ('Post-1086','8623','Kalishari','Kalishari','Thana-352');
insert into PostOffice (oid, postCode, nameEn, nameBn, thanaOid) values ('Post-1087','8630','Dashmina','Dashmina','Thana-353');
insert into PostOffice (oid, postCode, nameEn, nameBn, thanaOid) values ('Post-1088','8640','Galachipa','Galachipa','Thana-354');
insert into PostOffice (oid, postCode, nameEn, nameBn, thanaOid) values ('Post-1089','8641','Gazipur Bandar','Gazipur Bandar','Thana-354');
insert into PostOffice (oid, postCode, nameEn, nameBn, thanaOid) values ('Post-109','2022','Gilabari','Gilabari','Thana-47');
insert into PostOffice (oid, postCode, nameEn, nameBn, thanaOid) values ('Post-1090','8650','Khepupara','Khepupara','Thana-355');
insert into PostOffice (oid, postCode, nameEn, nameBn, thanaOid) values ('Post-1091','8651','Mahipur','Mahipur','Thana-355');
insert into PostOffice (oid, postCode, nameEn, nameBn, thanaOid) values ('Post-1092','8602','Dumkee','Dumkee','Thana-356');
insert into PostOffice (oid, postCode, nameEn, nameBn, thanaOid) values ('Post-1093','8601','Moukaran','Moukaran','Thana-356');
insert into PostOffice (oid, postCode, nameEn, nameBn, thanaOid) values ('Post-1094','8600','Patuakhali Sadar','Patuakhali Sadar','Thana-356');
insert into PostOffice (oid, postCode, nameEn, nameBn, thanaOid) values ('Post-1095','8603','Rahimabad','Rahimabad','Thana-356');
insert into PostOffice (oid, postCode, nameEn, nameBn, thanaOid) values ('Post-1096','8610','Subidkhali','Subidkhali','Thana-357');
insert into PostOffice (oid, postCode, nameEn, nameBn, thanaOid) values ('Post-1097','8530','Banaripara','Banaripara','Thana-358');
insert into PostOffice (oid, postCode, nameEn, nameBn, thanaOid) values ('Post-1098','8531','Chakhar','Chakhar','Thana-358');
insert into PostOffice (oid, postCode, nameEn, nameBn, thanaOid) values ('Post-1099','8550','Bhandaria','Bhandaria','Thana-359');
insert into PostOffice (oid, postCode, nameEn, nameBn, thanaOid) values ('Post-11','1330','Joypara','Joypara','Thana-7');
insert into PostOffice (oid, postCode, nameEn, nameBn, thanaOid) values ('Post-110','2020','Islampur','Islampur','Thana-47');
insert into PostOffice (oid, postCode, nameEn, nameBn, thanaOid) values ('Post-1100','8552','Dhaoa','Dhaoa','Thana-359');
insert into PostOffice (oid, postCode, nameEn, nameBn, thanaOid) values ('Post-1101','8551','Kanudashkathi','Kanudashkathi','Thana-359');
insert into PostOffice (oid, postCode, nameEn, nameBn, thanaOid) values ('Post-1102','8513','Jolagati','Jolagati','Thana-360');
insert into PostOffice (oid, postCode, nameEn, nameBn, thanaOid) values ('Post-1103','8512','Joykul','Joykul','Thana-360');
insert into PostOffice (oid, postCode, nameEn, nameBn, thanaOid) values ('Post-1104','8510','Kaukhali','Kaukhali','Thana-360');
insert into PostOffice (oid, postCode, nameEn, nameBn, thanaOid) values ('Post-1105','8511','Keundia','Keundia','Thana-360');
insert into PostOffice (oid, postCode, nameEn, nameBn, thanaOid) values ('Post-1106','8565','Betmor Natun Hat','Betmor Natun Hat','Thana-361');
insert into PostOffice (oid, postCode, nameEn, nameBn, thanaOid) values ('Post-1107','8563','Gulishakhali','Gulishakhali','Thana-361');
insert into PostOffice (oid, postCode, nameEn, nameBn, thanaOid) values ('Post-1108','8562','Halta','Halta','Thana-361');
insert into PostOffice (oid, postCode, nameEn, nameBn, thanaOid) values ('Post-1109','8560','Mathbaria','Mathbaria','Thana-361');
insert into PostOffice (oid, postCode, nameEn, nameBn, thanaOid) values ('Post-111','2000','Jamalpur','Jamalpur','Thana-48');
insert into PostOffice (oid, postCode, nameEn, nameBn, thanaOid) values ('Post-1110','8566','Shilarganj','Shilarganj','Thana-361');
insert into PostOffice (oid, postCode, nameEn, nameBn, thanaOid) values ('Post-1111','8564','Tiarkhali','Tiarkhali','Thana-361');
insert into PostOffice (oid, postCode, nameEn, nameBn, thanaOid) values ('Post-1112','8561','Tushkhali','Tushkhali','Thana-361');
insert into PostOffice (oid, postCode, nameEn, nameBn, thanaOid) values ('Post-1113','8540','Nazirpur','Nazirpur','Thana-362');
insert into PostOffice (oid, postCode, nameEn, nameBn, thanaOid) values ('Post-1114','8541','Sriramkathi','Sriramkathi','Thana-362');
insert into PostOffice (oid, postCode, nameEn, nameBn, thanaOid) values ('Post-1115','8501','Hularhat','Hularhat','Thana-363');
insert into PostOffice (oid, postCode, nameEn, nameBn, thanaOid) values ('Post-1116','8502','Parerhat','Parerhat','Thana-363');
insert into PostOffice (oid, postCode, nameEn, nameBn, thanaOid) values ('Post-1117','8500','Pirojpur Sadar','Pirojpur Sadar','Thana-363');
insert into PostOffice (oid, postCode, nameEn, nameBn, thanaOid) values ('Post-1118','8521','Darus Sunnat','Darus Sunnat','Thana-364');
insert into PostOffice (oid, postCode, nameEn, nameBn, thanaOid) values ('Post-1119','8523','Jalabari','Jalabari','Thana-364');
insert into PostOffice (oid, postCode, nameEn, nameBn, thanaOid) values ('Post-112','2001','Nandina','Nandina','Thana-48');
insert into PostOffice (oid, postCode, nameEn, nameBn, thanaOid) values ('Post-1120','8522','Kaurikhara','Kaurikhara','Thana-364');
insert into PostOffice (oid, postCode, nameEn, nameBn, thanaOid) values ('Post-1121','8520','Swarupkathi','Swarupkathi','Thana-364');
insert into PostOffice (oid, postCode, nameEn, nameBn, thanaOid) values ('Post-1122','5890','Adamdighi','Adamdighi','Thana-365');
insert into PostOffice (oid, postCode, nameEn, nameBn, thanaOid) values ('Post-1123','5892','Nasharatpur','Nasharatpur','Thana-365');
insert into PostOffice (oid, postCode, nameEn, nameBn, thanaOid) values ('Post-1124','5891','Santahar','Santahar','Thana-365');
insert into PostOffice (oid, postCode, nameEn, nameBn, thanaOid) values ('Post-1125','5801','Bogra Canttonment','Bogra Canttonment','Thana-366');
insert into PostOffice (oid, postCode, nameEn, nameBn, thanaOid) values ('Post-1126','5800','Bogra Sadar','Bogra Sadar','Thana-366');
insert into PostOffice (oid, postCode, nameEn, nameBn, thanaOid) values ('Post-1127','5850','Dhunat','Dhunat','Thana-367');
insert into PostOffice (oid, postCode, nameEn, nameBn, thanaOid) values ('Post-1128','5851','Gosaibari','Gosaibari','Thana-367');
insert into PostOffice (oid, postCode, nameEn, nameBn, thanaOid) values ('Post-1129','5880','Dupchachia','Dupchachia','Thana-368');
insert into PostOffice (oid, postCode, nameEn, nameBn, thanaOid) values ('Post-113','2002','Narundi','Narundi','Thana-48');
insert into PostOffice (oid, postCode, nameEn, nameBn, thanaOid) values ('Post-1130','5881','Talora','Talora','Thana-368');
insert into PostOffice (oid, postCode, nameEn, nameBn, thanaOid) values ('Post-1131','5820','Gabtoli','Gabtoli','Thana-369');
insert into PostOffice (oid, postCode, nameEn, nameBn, thanaOid) values ('Post-1132','5821','Sukhanpukur','Sukhanpukur','Thana-369');
insert into PostOffice (oid, postCode, nameEn, nameBn, thanaOid) values ('Post-1133','5870','Kahalu','Kahalu','Thana-370');
insert into PostOffice (oid, postCode, nameEn, nameBn, thanaOid) values ('Post-1134','5860','Nandigram','Nandigram','Thana-371');
insert into PostOffice (oid, postCode, nameEn, nameBn, thanaOid) values ('Post-1135','5831','Chandan Baisha','Chandan Baisha','Thana-372');
insert into PostOffice (oid, postCode, nameEn, nameBn, thanaOid) values ('Post-1136','5830','Sariakandi','Sariakandi','Thana-372');
insert into PostOffice (oid, postCode, nameEn, nameBn, thanaOid) values ('Post-1137','5841','Chandaikona','Chandaikona','Thana-373');
insert into PostOffice (oid, postCode, nameEn, nameBn, thanaOid) values ('Post-1138','5842','Palli Unnyan Accadem','Palli Unnyan Accadem','Thana-373');
insert into PostOffice (oid, postCode, nameEn, nameBn, thanaOid) values ('Post-1139','5840','Sherpur','Sherpur','Thana-373');
insert into PostOffice (oid, postCode, nameEn, nameBn, thanaOid) values ('Post-114','2011','Jamalpur','Jamalpur','Thana-49');
insert into PostOffice (oid, postCode, nameEn, nameBn, thanaOid) values ('Post-1140','5810','Shibganj','Shibganj','Thana-374');
insert into PostOffice (oid, postCode, nameEn, nameBn, thanaOid) values ('Post-1141','5826','Sonatola','Sonatola','Thana-375');
insert into PostOffice (oid, postCode, nameEn, nameBn, thanaOid) values ('Post-1142','6330','Bholahat','Bholahat','Thana-376');
insert into PostOffice (oid, postCode, nameEn, nameBn, thanaOid) values ('Post-1143','6303','Amnura','Amnura','Thana-377');
insert into PostOffice (oid, postCode, nameEn, nameBn, thanaOid) values ('Post-1144','6300','Chapinawbganj Sadar','Chapinawbganj Sadar','Thana-377');
insert into PostOffice (oid, postCode, nameEn, nameBn, thanaOid) values ('Post-1145','6301','Rajarampur','Rajarampur','Thana-377');
insert into PostOffice (oid, postCode, nameEn, nameBn, thanaOid) values ('Post-1146','6302','Ramchandrapur','Ramchandrapur','Thana-377');
insert into PostOffice (oid, postCode, nameEn, nameBn, thanaOid) values ('Post-1147','6311','Mandumala','Mandumala','Thana-378');
insert into PostOffice (oid, postCode, nameEn, nameBn, thanaOid) values ('Post-1148','6310','Nachol','Nachol','Thana-378');
insert into PostOffice (oid, postCode, nameEn, nameBn, thanaOid) values ('Post-1149','6321','Gomashtapur','Gomashtapur','Thana-379');
insert into PostOffice (oid, postCode, nameEn, nameBn, thanaOid) values ('Post-115','2013','Mahmoodpur','Mahmoodpur','Thana-49');
insert into PostOffice (oid, postCode, nameEn, nameBn, thanaOid) values ('Post-1150','6320','Rohanpur','Rohanpur','Thana-379');
insert into PostOffice (oid, postCode, nameEn, nameBn, thanaOid) values ('Post-1151','6341','Kansart','Kansart','Thana-380');
insert into PostOffice (oid, postCode, nameEn, nameBn, thanaOid) values ('Post-1152','6342','Manaksha','Manaksha','Thana-380');
insert into PostOffice (oid, postCode, nameEn, nameBn, thanaOid) values ('Post-1153','6340','Shibganj U.P.O','Shibganj U.P.O','Thana-380');
insert into PostOffice (oid, postCode, nameEn, nameBn, thanaOid) values ('Post-1154','5940','Akklepur','Akklepur','Thana-381');
insert into PostOffice (oid, postCode, nameEn, nameBn, thanaOid) values ('Post-1155','5941','jamalganj','jamalganj','Thana-381');
insert into PostOffice (oid, postCode, nameEn, nameBn, thanaOid) values ('Post-1156','5942','Tilakpur','Tilakpur','Thana-381');
insert into PostOffice (oid, postCode, nameEn, nameBn, thanaOid) values ('Post-1157','5900','Joypurhat Sadar','Joypurhat Sadar','Thana-382');
insert into PostOffice (oid, postCode, nameEn, nameBn, thanaOid) values ('Post-1158','5930','kalai','kalai','Thana-383');
insert into PostOffice (oid, postCode, nameEn, nameBn, thanaOid) values ('Post-1159','5920','Khetlal','Khetlal','Thana-384');
insert into PostOffice (oid, postCode, nameEn, nameBn, thanaOid) values ('Post-116','2012','Malancha','Malancha','Thana-49');
insert into PostOffice (oid, postCode, nameEn, nameBn, thanaOid) values ('Post-1160','5910','Panchbibi','Panchbibi','Thana-385');
insert into PostOffice (oid, postCode, nameEn, nameBn, thanaOid) values ('Post-1161','6596','Ahsanganj','Ahsanganj','Thana-386');
insert into PostOffice (oid, postCode, nameEn, nameBn, thanaOid) values ('Post-1162','6597','Bandai','Bandai','Thana-386');
insert into PostOffice (oid, postCode, nameEn, nameBn, thanaOid) values ('Post-1163','6570','Badalgachhi','Badalgachhi','Thana-387');
insert into PostOffice (oid, postCode, nameEn, nameBn, thanaOid) values ('Post-1164','6580','Dhamuirhat','Dhamuirhat','Thana-388');
insert into PostOffice (oid, postCode, nameEn, nameBn, thanaOid) values ('Post-1165','6530','Mahadebpur','Mahadebpur','Thana-389');
insert into PostOffice (oid, postCode, nameEn, nameBn, thanaOid) values ('Post-1166','6500','Naogaon Sadar','Naogaon Sadar','Thana-390');
insert into PostOffice (oid, postCode, nameEn, nameBn, thanaOid) values ('Post-1167','6520','Niamatpur','Niamatpur','Thana-391');
insert into PostOffice (oid, postCode, nameEn, nameBn, thanaOid) values ('Post-1168','6550','Nitpur','Nitpur','Thana-392');
insert into PostOffice (oid, postCode, nameEn, nameBn, thanaOid) values ('Post-1169','6552','Panguria','Panguria','Thana-392');
insert into PostOffice (oid, postCode, nameEn, nameBn, thanaOid) values ('Post-117','2010','Malandah','Malandah','Thana-49');
insert into PostOffice (oid, postCode, nameEn, nameBn, thanaOid) values ('Post-1170','6551','Porsa','Porsa','Thana-392');
insert into PostOffice (oid, postCode, nameEn, nameBn, thanaOid) values ('Post-1171','6540','Patnitala','Patnitala','Thana-393');
insert into PostOffice (oid, postCode, nameEn, nameBn, thanaOid) values ('Post-1172','6512','Balihar','Balihar','Thana-394');
insert into PostOffice (oid, postCode, nameEn, nameBn, thanaOid) values ('Post-1173','6511','Manda','Manda','Thana-394');
insert into PostOffice (oid, postCode, nameEn, nameBn, thanaOid) values ('Post-1174','6510','Prasadpur','Prasadpur','Thana-394');
insert into PostOffice (oid, postCode, nameEn, nameBn, thanaOid) values ('Post-1175','6591','Kashimpur','Kashimpur','Thana-395');
insert into PostOffice (oid, postCode, nameEn, nameBn, thanaOid) values ('Post-1176','6590','Raninagar','Raninagar','Thana-395');
insert into PostOffice (oid, postCode, nameEn, nameBn, thanaOid) values ('Post-1177','6561','Moduhil','Moduhil','Thana-396');
insert into PostOffice (oid, postCode, nameEn, nameBn, thanaOid) values ('Post-1178','6560','Sapahar','Sapahar','Thana-396');
insert into PostOffice (oid, postCode, nameEn, nameBn, thanaOid) values ('Post-1179','6422','Abdulpur','Abdulpur','Thana-397');
insert into PostOffice (oid, postCode, nameEn, nameBn, thanaOid) values ('Post-118','2041','Balijhuri','Balijhuri','Thana-50');
insert into PostOffice (oid, postCode, nameEn, nameBn, thanaOid) values ('Post-1180','6420','Gopalpur U.P.O','Gopalpur U.P.O','Thana-397');
insert into PostOffice (oid, postCode, nameEn, nameBn, thanaOid) values ('Post-1181','6421','Lalpur S.O','Lalpur S.O','Thana-397');
insert into PostOffice (oid, postCode, nameEn, nameBn, thanaOid) values ('Post-1182','6432','Baraigram','Baraigram','Thana-398');
insert into PostOffice (oid, postCode, nameEn, nameBn, thanaOid) values ('Post-1183','6431','Dayarampur','Dayarampur','Thana-398');
insert into PostOffice (oid, postCode, nameEn, nameBn, thanaOid) values ('Post-1184','6430','Harua','Harua','Thana-398');
insert into PostOffice (oid, postCode, nameEn, nameBn, thanaOid) values ('Post-1185','6440','Hatgurudaspur','Hatgurudaspur','Thana-399');
insert into PostOffice (oid, postCode, nameEn, nameBn, thanaOid) values ('Post-1186','6410','Laxman','Laxman','Thana-400');
insert into PostOffice (oid, postCode, nameEn, nameBn, thanaOid) values ('Post-1187','6402','Baiddyabal Gharia','Baiddyabal Gharia','Thana-401');
insert into PostOffice (oid, postCode, nameEn, nameBn, thanaOid) values ('Post-1188','6401','Digapatia','Digapatia','Thana-401');
insert into PostOffice (oid, postCode, nameEn, nameBn, thanaOid) values ('Post-1189','6403','Madhnagar','Madhnagar','Thana-401');
insert into PostOffice (oid, postCode, nameEn, nameBn, thanaOid) values ('Post-119','2040','Mathargonj','Mathargonj','Thana-50');
insert into PostOffice (oid, postCode, nameEn, nameBn, thanaOid) values ('Post-1190','6400','Natore Sadar','Natore Sadar','Thana-401');
insert into PostOffice (oid, postCode, nameEn, nameBn, thanaOid) values ('Post-1191','6450','Singra','Singra','Thana-402');
insert into PostOffice (oid, postCode, nameEn, nameBn, thanaOid) values ('Post-1192','6650','Banwarinagar','Banwarinagar','Thana-403');
insert into PostOffice (oid, postCode, nameEn, nameBn, thanaOid) values ('Post-1193','6680','Bera','Bera','Thana-404');
insert into PostOffice (oid, postCode, nameEn, nameBn, thanaOid) values ('Post-1194','6682','Kashinathpur','Kashinathpur','Thana-404');
insert into PostOffice (oid, postCode, nameEn, nameBn, thanaOid) values ('Post-1195','6681','Nakalia','Nakalia','Thana-404');
insert into PostOffice (oid, postCode, nameEn, nameBn, thanaOid) values ('Post-1196','6683','Puran Bharenga','Puran Bharenga','Thana-404');
insert into PostOffice (oid, postCode, nameEn, nameBn, thanaOid) values ('Post-1197','6640','Bhangura','Bhangura','Thana-405');
insert into PostOffice (oid, postCode, nameEn, nameBn, thanaOid) values ('Post-1198','6630','Chatmohar','Chatmohar','Thana-406');
insert into PostOffice (oid, postCode, nameEn, nameBn, thanaOid) values ('Post-1199','6610','Debottar','Debottar','Thana-407');
insert into PostOffice (oid, postCode, nameEn, nameBn, thanaOid) values ('Post-12','1332','Narisha','Narisha','Thana-7');
insert into PostOffice (oid, postCode, nameEn, nameBn, thanaOid) values ('Post-120','2052','Bausee','Bausee','Thana-51');
insert into PostOffice (oid, postCode, nameEn, nameBn, thanaOid) values ('Post-1200','6621','Dhapari','Dhapari','Thana-408');
insert into PostOffice (oid, postCode, nameEn, nameBn, thanaOid) values ('Post-1201','6620','Ishwardi','Ishwardi','Thana-408');
insert into PostOffice (oid, postCode, nameEn, nameBn, thanaOid) values ('Post-1202','6622','Pakshi','Pakshi','Thana-408');
insert into PostOffice (oid, postCode, nameEn, nameBn, thanaOid) values ('Post-1203','6623','Rajapur','Rajapur','Thana-408');
insert into PostOffice (oid, postCode, nameEn, nameBn, thanaOid) values ('Post-1204','6602','Hamayetpur','Hamayetpur','Thana-409');
insert into PostOffice (oid, postCode, nameEn, nameBn, thanaOid) values ('Post-1205','6601','Kaliko Cotton Mills','Kaliko Cotton Mills','Thana-409');
insert into PostOffice (oid, postCode, nameEn, nameBn, thanaOid) values ('Post-1206','6600','Pabna Sadar','Pabna Sadar','Thana-409');
insert into PostOffice (oid, postCode, nameEn, nameBn, thanaOid) values ('Post-1207','6670','Sathia','Sathia','Thana-410');
insert into PostOffice (oid, postCode, nameEn, nameBn, thanaOid) values ('Post-1208','6661','Sagarkandi','Sagarkandi','Thana-411');
insert into PostOffice (oid, postCode, nameEn, nameBn, thanaOid) values ('Post-1209','6660','Sujanagar','Sujanagar','Thana-411');
insert into PostOffice (oid, postCode, nameEn, nameBn, thanaOid) values ('Post-121','2051','Gunerbari','Gunerbari','Thana-51');
insert into PostOffice (oid, postCode, nameEn, nameBn, thanaOid) values ('Post-1210','6281','Arani','Arani','Thana-412');
insert into PostOffice (oid, postCode, nameEn, nameBn, thanaOid) values ('Post-1211','6280','Bagha','Bagha','Thana-412');
insert into PostOffice (oid, postCode, nameEn, nameBn, thanaOid) values ('Post-1212','6250','Bhabaniganj','Bhabaniganj','Thana-413');
insert into PostOffice (oid, postCode, nameEn, nameBn, thanaOid) values ('Post-1213','6251','Taharpur','Taharpur','Thana-413');
insert into PostOffice (oid, postCode, nameEn, nameBn, thanaOid) values ('Post-1214','6270','Charghat','Charghat','Thana-414');
insert into PostOffice (oid, postCode, nameEn, nameBn, thanaOid) values ('Post-1215','6271','Sarda','Sarda','Thana-414');
insert into PostOffice (oid, postCode, nameEn, nameBn, thanaOid) values ('Post-1216','6240','Durgapur','Durgapur','Thana-415');
insert into PostOffice (oid, postCode, nameEn, nameBn, thanaOid) values ('Post-1217','6290','Godagari','Godagari','Thana-416');
insert into PostOffice (oid, postCode, nameEn, nameBn, thanaOid) values ('Post-1218','6291','Premtoli','Premtoli','Thana-416');
insert into PostOffice (oid, postCode, nameEn, nameBn, thanaOid) values ('Post-1219','6220','Khodmohanpur','Khodmohanpur','Thana-417');
insert into PostOffice (oid, postCode, nameEn, nameBn, thanaOid) values ('Post-122','2053','Jagannath Ghat','Jagannath Ghat','Thana-51');
insert into PostOffice (oid, postCode, nameEn, nameBn, thanaOid) values ('Post-1220','6210','Lalitganj','Lalitganj','Thana-418');
insert into PostOffice (oid, postCode, nameEn, nameBn, thanaOid) values ('Post-1221','6211','Rajshahi Sugar Mills','Rajshahi Sugar Mills','Thana-418');
insert into PostOffice (oid, postCode, nameEn, nameBn, thanaOid) values ('Post-1222','6212','Shyampur','Shyampur','Thana-418');
insert into PostOffice (oid, postCode, nameEn, nameBn, thanaOid) values ('Post-1223','6260','Putia','Putia','Thana-419');
insert into PostOffice (oid, postCode, nameEn, nameBn, thanaOid) values ('Post-1224','6206','Binodpur Bazar','Binodpur Bazar','Thana-420');
insert into PostOffice (oid, postCode, nameEn, nameBn, thanaOid) values ('Post-1225','6100','Ghuramara','Ghuramara','Thana-420');
insert into PostOffice (oid, postCode, nameEn, nameBn, thanaOid) values ('Post-1226','6204','Kazla','Kazla','Thana-420');
insert into PostOffice (oid, postCode, nameEn, nameBn, thanaOid) values ('Post-1227','6202','Rajshahi Canttonment','Rajshahi Canttonment','Thana-420');
insert into PostOffice (oid, postCode, nameEn, nameBn, thanaOid) values ('Post-1228','6201','Rajshahi Court','Rajshahi Court','Thana-420');
insert into PostOffice (oid, postCode, nameEn, nameBn, thanaOid) values ('Post-1229','6000','Rajshahi Sadar','Rajshahi Sadar','Thana-420');
insert into PostOffice (oid, postCode, nameEn, nameBn, thanaOid) values ('Post-123','2055','Jamuna Sar Karkhana','Jamuna Sar Karkhana','Thana-51');
insert into PostOffice (oid, postCode, nameEn, nameBn, thanaOid) values ('Post-1230','6205','Rajshahi University','Rajshahi University','Thana-420');
insert into PostOffice (oid, postCode, nameEn, nameBn, thanaOid) values ('Post-1231','6203','Sapura','Sapura','Thana-420');
insert into PostOffice (oid, postCode, nameEn, nameBn, thanaOid) values ('Post-1232','6230','Tanor','Tanor','Thana-421');
insert into PostOffice (oid, postCode, nameEn, nameBn, thanaOid) values ('Post-1233','6730','Baiddya Jam Toil','Baiddya Jam Toil','Thana-422');
insert into PostOffice (oid, postCode, nameEn, nameBn, thanaOid) values ('Post-1234','6740','Belkuchi','Belkuchi','Thana-423');
insert into PostOffice (oid, postCode, nameEn, nameBn, thanaOid) values ('Post-1235','6751','Enayetpur','Enayetpur','Thana-423');
insert into PostOffice (oid, postCode, nameEn, nameBn, thanaOid) values ('Post-1236','6742','Rajapur','Rajapur','Thana-423');
insert into PostOffice (oid, postCode, nameEn, nameBn, thanaOid) values ('Post-1237','6741','Sohagpur','Sohagpur','Thana-423');
insert into PostOffice (oid, postCode, nameEn, nameBn, thanaOid) values ('Post-1238','6752','Sthal','Sthal','Thana-423');
insert into PostOffice (oid, postCode, nameEn, nameBn, thanaOid) values ('Post-1239','6720','Dhangora','Dhangora','Thana-424');
insert into PostOffice (oid, postCode, nameEn, nameBn, thanaOid) values ('Post-124','2054','Pingna','Pingna','Thana-51');
insert into PostOffice (oid, postCode, nameEn, nameBn, thanaOid) values ('Post-1240','6721','Malonga','Malonga','Thana-424');
insert into PostOffice (oid, postCode, nameEn, nameBn, thanaOid) values ('Post-1241','6712','Gandail','Gandail','Thana-425');
insert into PostOffice (oid, postCode, nameEn, nameBn, thanaOid) values ('Post-1242','6710','Kazipur','Kazipur','Thana-425');
insert into PostOffice (oid, postCode, nameEn, nameBn, thanaOid) values ('Post-1243','6711','Shuvgachha','Shuvgachha','Thana-425');
insert into PostOffice (oid, postCode, nameEn, nameBn, thanaOid) values ('Post-1244','6772','Jamirta','Jamirta','Thana-426');
insert into PostOffice (oid, postCode, nameEn, nameBn, thanaOid) values ('Post-1245','6773','Kaijuri','Kaijuri','Thana-426');
insert into PostOffice (oid, postCode, nameEn, nameBn, thanaOid) values ('Post-1246','6771','Porjana','Porjana','Thana-426');
insert into PostOffice (oid, postCode, nameEn, nameBn, thanaOid) values ('Post-1247','6770','Shahjadpur','Shahjadpur','Thana-426');
insert into PostOffice (oid, postCode, nameEn, nameBn, thanaOid) values ('Post-1248','6701','Raipur','Raipur','Thana-427');
insert into PostOffice (oid, postCode, nameEn, nameBn, thanaOid) values ('Post-1249','6702','Rashidabad','Rashidabad','Thana-427');
insert into PostOffice (oid, postCode, nameEn, nameBn, thanaOid) values ('Post-125','2050','Shorishabari','Shorishabari','Thana-51');
insert into PostOffice (oid, postCode, nameEn, nameBn, thanaOid) values ('Post-1250','6700','Sirajganj Sadar','Sirajganj Sadar','Thana-427');
insert into PostOffice (oid, postCode, nameEn, nameBn, thanaOid) values ('Post-1251','6780','Tarash','Tarash','Thana-428');
insert into PostOffice (oid, postCode, nameEn, nameBn, thanaOid) values ('Post-1252','6762','Lahiri Mohanpur','Lahiri Mohanpur','Thana-429');
insert into PostOffice (oid, postCode, nameEn, nameBn, thanaOid) values ('Post-1253','6763','Salap','Salap','Thana-429');
insert into PostOffice (oid, postCode, nameEn, nameBn, thanaOid) values ('Post-1254','6760','Ullapara','Ullapara','Thana-429');
insert into PostOffice (oid, postCode, nameEn, nameBn, thanaOid) values ('Post-1255','6761','Ullapara R.S','Ullapara R.S','Thana-429');
insert into PostOffice (oid, postCode, nameEn, nameBn, thanaOid) values ('Post-1256','5270','Bangla Hili','Bangla Hili','Thana-430');
insert into PostOffice (oid, postCode, nameEn, nameBn, thanaOid) values ('Post-1257','5210','Biral','Biral','Thana-431');
insert into PostOffice (oid, postCode, nameEn, nameBn, thanaOid) values ('Post-1258','5266','Birampur','Birampur','Thana-432');
insert into PostOffice (oid, postCode, nameEn, nameBn, thanaOid) values ('Post-1259','5220','Birganj','Birganj','Thana-433');
insert into PostOffice (oid, postCode, nameEn, nameBn, thanaOid) values ('Post-126','2336','Bajitpur','Bajitpur','Thana-52');
insert into PostOffice (oid, postCode, nameEn, nameBn, thanaOid) values ('Post-1260','5240','Chrirbandar','Chrirbandar','Thana-434');
insert into PostOffice (oid, postCode, nameEn, nameBn, thanaOid) values ('Post-1261','5241','Ranirbandar','Ranirbandar','Thana-434');
insert into PostOffice (oid, postCode, nameEn, nameBn, thanaOid) values ('Post-1262','5201','Dinajpur Rajbari','Dinajpur Rajbari','Thana-435');
insert into PostOffice (oid, postCode, nameEn, nameBn, thanaOid) values ('Post-1263','5200','Dinajpur Sadar','Dinajpur Sadar','Thana-435');
insert into PostOffice (oid, postCode, nameEn, nameBn, thanaOid) values ('Post-1264','5230','Khansama','Khansama','Thana-436');
insert into PostOffice (oid, postCode, nameEn, nameBn, thanaOid) values ('Post-1265','5231','Pakarhat','Pakarhat','Thana-436');
insert into PostOffice (oid, postCode, nameEn, nameBn, thanaOid) values ('Post-1266','5226','Maharajganj','Maharajganj','Thana-437');
insert into PostOffice (oid, postCode, nameEn, nameBn, thanaOid) values ('Post-1267','5281','Daudpur','Daudpur','Thana-438');
insert into PostOffice (oid, postCode, nameEn, nameBn, thanaOid) values ('Post-1268','5282','Gopalpur','Gopalpur','Thana-438');
insert into PostOffice (oid, postCode, nameEn, nameBn, thanaOid) values ('Post-1269','5280','Nababganj','Nababganj','Thana-438');
insert into PostOffice (oid, postCode, nameEn, nameBn, thanaOid) values ('Post-127','2338','Laksmipur','Laksmipur','Thana-52');
insert into PostOffice (oid, postCode, nameEn, nameBn, thanaOid) values ('Post-1270','5291','Ghoraghat','Ghoraghat','Thana-439');
insert into PostOffice (oid, postCode, nameEn, nameBn, thanaOid) values ('Post-1271','5290','Osmanpur','Osmanpur','Thana-439');
insert into PostOffice (oid, postCode, nameEn, nameBn, thanaOid) values ('Post-1272','5250','Parbatipur','Parbatipur','Thana-440');
insert into PostOffice (oid, postCode, nameEn, nameBn, thanaOid) values ('Post-1273','5260','Phulbari','Phulbari','Thana-441');
insert into PostOffice (oid, postCode, nameEn, nameBn, thanaOid) values ('Post-1274','5216','Setabganj','Setabganj','Thana-442');
insert into PostOffice (oid, postCode, nameEn, nameBn, thanaOid) values ('Post-1275','5750','Bonarpara','Bonarpara','Thana-443');
insert into PostOffice (oid, postCode, nameEn, nameBn, thanaOid) values ('Post-1276','5751','saghata','saghata','Thana-443');
insert into PostOffice (oid, postCode, nameEn, nameBn, thanaOid) values ('Post-1277','5700','Gaibandha Sadar','Gaibandha Sadar','Thana-444');
insert into PostOffice (oid, postCode, nameEn, nameBn, thanaOid) values ('Post-1278','5740','Gobindhaganj','Gobindhaganj','Thana-445');
insert into PostOffice (oid, postCode, nameEn, nameBn, thanaOid) values ('Post-1279','5741','Mahimaganj','Mahimaganj','Thana-445');
insert into PostOffice (oid, postCode, nameEn, nameBn, thanaOid) values ('Post-128','2337','Sararchar','Sararchar','Thana-52');
insert into PostOffice (oid, postCode, nameEn, nameBn, thanaOid) values ('Post-1280','5730','Palashbari','Palashbari','Thana-446');
insert into PostOffice (oid, postCode, nameEn, nameBn, thanaOid) values ('Post-1281','5761','Bharatkhali','Bharatkhali','Thana-447');
insert into PostOffice (oid, postCode, nameEn, nameBn, thanaOid) values ('Post-1282','5760','Phulchhari','Phulchhari','Thana-447');
insert into PostOffice (oid, postCode, nameEn, nameBn, thanaOid) values ('Post-1283','5711','Naldanga','Naldanga','Thana-448');
insert into PostOffice (oid, postCode, nameEn, nameBn, thanaOid) values ('Post-1284','5710','Saadullapur','Saadullapur','Thana-448');
insert into PostOffice (oid, postCode, nameEn, nameBn, thanaOid) values ('Post-1285','5721','Bamandanga','Bamandanga','Thana-449');
insert into PostOffice (oid, postCode, nameEn, nameBn, thanaOid) values ('Post-1286','5720','Sundarganj','Sundarganj','Thana-449');
insert into PostOffice (oid, postCode, nameEn, nameBn, thanaOid) values ('Post-1287','5670','Bhurungamari','Bhurungamari','Thana-450');
insert into PostOffice (oid, postCode, nameEn, nameBn, thanaOid) values ('Post-1288','5630','Chilmari','Chilmari','Thana-451');
insert into PostOffice (oid, postCode, nameEn, nameBn, thanaOid) values ('Post-1289','5631','Jorgachh','Jorgachh','Thana-451');
insert into PostOffice (oid, postCode, nameEn, nameBn, thanaOid) values ('Post-129','2350','Bhairab','Bhairab','Thana-53');
insert into PostOffice (oid, postCode, nameEn, nameBn, thanaOid) values ('Post-1290','5600','Kurigram Sadar','Kurigram Sadar','Thana-452');
insert into PostOffice (oid, postCode, nameEn, nameBn, thanaOid) values ('Post-1291','5601','Pandul','Pandul','Thana-452');
insert into PostOffice (oid, postCode, nameEn, nameBn, thanaOid) values ('Post-1292','5680','Phulbari','Phulbari','Thana-452');
insert into PostOffice (oid, postCode, nameEn, nameBn, thanaOid) values ('Post-1293','5660','Nageshwar','Nageshwar','Thana-453');
insert into PostOffice (oid, postCode, nameEn, nameBn, thanaOid) values ('Post-1294','5611','Nazimkhan','Nazimkhan','Thana-454');
insert into PostOffice (oid, postCode, nameEn, nameBn, thanaOid) values ('Post-1295','5610','Rajarhat','Rajarhat','Thana-454');
insert into PostOffice (oid, postCode, nameEn, nameBn, thanaOid) values ('Post-1296','5650','Rajibpur','Rajibpur','Thana-455');
insert into PostOffice (oid, postCode, nameEn, nameBn, thanaOid) values ('Post-1297','5640','Roumari','Roumari','Thana-456');
insert into PostOffice (oid, postCode, nameEn, nameBn, thanaOid) values ('Post-1298','5621','Bazarhat','Bazarhat','Thana-457');
insert into PostOffice (oid, postCode, nameEn, nameBn, thanaOid) values ('Post-1299','5620','Ulipur','Ulipur','Thana-457');
insert into PostOffice (oid, postCode, nameEn, nameBn, thanaOid) values ('Post-13','1331','Palamganj','Palamganj','Thana-7');
insert into PostOffice (oid, postCode, nameEn, nameBn, thanaOid) values ('Post-130','2320','Hossenpur','Hossenpur','Thana-54');
insert into PostOffice (oid, postCode, nameEn, nameBn, thanaOid) values ('Post-1300','5510','Aditmari','Aditmari','Thana-458');
insert into PostOffice (oid, postCode, nameEn, nameBn, thanaOid) values ('Post-1301','5530','Hatibandha','Hatibandha','Thana-459');
insert into PostOffice (oid, postCode, nameEn, nameBn, thanaOid) values ('Post-1302','5502','Kulaghat SO','Kulaghat SO','Thana-460');
insert into PostOffice (oid, postCode, nameEn, nameBn, thanaOid) values ('Post-1303','5500','Lalmonirhat Sadar','Lalmonirhat Sadar','Thana-460');
insert into PostOffice (oid, postCode, nameEn, nameBn, thanaOid) values ('Post-1304','5501','Moghalhat','Moghalhat','Thana-460');
insert into PostOffice (oid, postCode, nameEn, nameBn, thanaOid) values ('Post-1305','5541','Baura','Baura','Thana-461');
insert into PostOffice (oid, postCode, nameEn, nameBn, thanaOid) values ('Post-1306','5542','Burimari','Burimari','Thana-461');
insert into PostOffice (oid, postCode, nameEn, nameBn, thanaOid) values ('Post-1307','5540','Patgram','Patgram','Thana-461');
insert into PostOffice (oid, postCode, nameEn, nameBn, thanaOid) values ('Post-1308','5520','Tushbhandar','Tushbhandar','Thana-462');
insert into PostOffice (oid, postCode, nameEn, nameBn, thanaOid) values ('Post-1309','5350','Dimla','Dimla','Thana-463');
insert into PostOffice (oid, postCode, nameEn, nameBn, thanaOid) values ('Post-131','2390','Itna','Itna','Thana-55');
insert into PostOffice (oid, postCode, nameEn, nameBn, thanaOid) values ('Post-1310','5351','Ghaga Kharibari','Ghaga Kharibari','Thana-463');
insert into PostOffice (oid, postCode, nameEn, nameBn, thanaOid) values ('Post-1311','5341','Chilahati','Chilahati','Thana-464');
insert into PostOffice (oid, postCode, nameEn, nameBn, thanaOid) values ('Post-1312','5340','Domar','Domar','Thana-464');
insert into PostOffice (oid, postCode, nameEn, nameBn, thanaOid) values ('Post-1313','5330','Jaldhaka','Jaldhaka','Thana-465');
insert into PostOffice (oid, postCode, nameEn, nameBn, thanaOid) values ('Post-1314','5320','Kishoriganj','Kishoriganj','Thana-466');
insert into PostOffice (oid, postCode, nameEn, nameBn, thanaOid) values ('Post-1315','5300','Nilphamari Sadar','Nilphamari Sadar','Thana-467');
insert into PostOffice (oid, postCode, nameEn, nameBn, thanaOid) values ('Post-1316','5301','Nilphamari Sugar Mil','Nilphamari Sugar Mil','Thana-467');
insert into PostOffice (oid, postCode, nameEn, nameBn, thanaOid) values ('Post-1317','5310','Syedpur','Syedpur','Thana-468');
insert into PostOffice (oid, postCode, nameEn, nameBn, thanaOid) values ('Post-1318','5311','Syedpur Upashahar','Syedpur Upashahar','Thana-468');
insert into PostOffice (oid, postCode, nameEn, nameBn, thanaOid) values ('Post-1319','5010','Boda','Boda','Thana-469');
insert into PostOffice (oid, postCode, nameEn, nameBn, thanaOid) values ('Post-132','2310','Karimganj','Karimganj','Thana-56');
insert into PostOffice (oid, postCode, nameEn, nameBn, thanaOid) values ('Post-1320','5040','Chotto Dab','Chotto Dab','Thana-470');
insert into PostOffice (oid, postCode, nameEn, nameBn, thanaOid) values ('Post-1321','5041','Mirjapur','Mirjapur','Thana-470');
insert into PostOffice (oid, postCode, nameEn, nameBn, thanaOid) values ('Post-1322','5020','Dabiganj','Dabiganj','Thana-471');
insert into PostOffice (oid, postCode, nameEn, nameBn, thanaOid) values ('Post-1323','5000','Panchagar Sadar','Panchagar Sadar','Thana-472');
insert into PostOffice (oid, postCode, nameEn, nameBn, thanaOid) values ('Post-1324','5030','Tetulia','Tetulia','Thana-473');
insert into PostOffice (oid, postCode, nameEn, nameBn, thanaOid) values ('Post-1325','5430','Badarganj','Badarganj','Thana-474');
insert into PostOffice (oid, postCode, nameEn, nameBn, thanaOid) values ('Post-1326','5431','Shyampur','Shyampur','Thana-474');
insert into PostOffice (oid, postCode, nameEn, nameBn, thanaOid) values ('Post-1327','5410','Gangachara','Gangachara','Thana-475');
insert into PostOffice (oid, postCode, nameEn, nameBn, thanaOid) values ('Post-1328','5441','Haragachh','Haragachh','Thana-476');
insert into PostOffice (oid, postCode, nameEn, nameBn, thanaOid) values ('Post-1329','5440','Kaunia','Kaunia','Thana-476');
insert into PostOffice (oid, postCode, nameEn, nameBn, thanaOid) values ('Post-133','2331','Gochhihata','Gochhihata','Thana-57');
insert into PostOffice (oid, postCode, nameEn, nameBn, thanaOid) values ('Post-1330','5460','Mithapukur','Mithapukur','Thana-477');
insert into PostOffice (oid, postCode, nameEn, nameBn, thanaOid) values ('Post-1331','5450','Pirgachha','Pirgachha','Thana-478');
insert into PostOffice (oid, postCode, nameEn, nameBn, thanaOid) values ('Post-1332','5402','Alamnagar','Alamnagar','Thana-479');
insert into PostOffice (oid, postCode, nameEn, nameBn, thanaOid) values ('Post-1333','5403','Mahiganj','Mahiganj','Thana-479');
insert into PostOffice (oid, postCode, nameEn, nameBn, thanaOid) values ('Post-1334','5404','Rangpur Cadet Colleg','Rangpur Cadet Colleg','Thana-479');
insert into PostOffice (oid, postCode, nameEn, nameBn, thanaOid) values ('Post-1335','5405','Rangpur Carmiecal Col','Rangpur Carmiecal Col','Thana-479');
insert into PostOffice (oid, postCode, nameEn, nameBn, thanaOid) values ('Post-1336','5400','Rangpur Sadar','Rangpur Sadar','Thana-479');
insert into PostOffice (oid, postCode, nameEn, nameBn, thanaOid) values ('Post-1337','5401','Rangpur Upa-Shahar','Rangpur Upa-Shahar','Thana-479');
insert into PostOffice (oid, postCode, nameEn, nameBn, thanaOid) values ('Post-1338','5420','Taraganj','Taraganj','Thana-480');
insert into PostOffice (oid, postCode, nameEn, nameBn, thanaOid) values ('Post-1339','5140','Baliadangi','Baliadangi','Thana-481');
insert into PostOffice (oid, postCode, nameEn, nameBn, thanaOid) values ('Post-134','2330','Katiadi','Katiadi','Thana-57');
insert into PostOffice (oid, postCode, nameEn, nameBn, thanaOid) values ('Post-1340','5141','Lahiri','Lahiri','Thana-481');
insert into PostOffice (oid, postCode, nameEn, nameBn, thanaOid) values ('Post-1341','5130','Jibanpur','Jibanpur','Thana-482');
insert into PostOffice (oid, postCode, nameEn, nameBn, thanaOid) values ('Post-1342','5110','Pirganj','Pirganj','Thana-483');
insert into PostOffice (oid, postCode, nameEn, nameBn, thanaOid) values ('Post-1343','5470','Pirganj','Pirganj','Thana-483');
insert into PostOffice (oid, postCode, nameEn, nameBn, thanaOid) values ('Post-1344','5121','Nekmarad','Nekmarad','Thana-484');
insert into PostOffice (oid, postCode, nameEn, nameBn, thanaOid) values ('Post-1345','5120','Rani Sankail','Rani Sankail','Thana-484');
insert into PostOffice (oid, postCode, nameEn, nameBn, thanaOid) values ('Post-1346','5103','Ruhia','Ruhia','Thana-485');
insert into PostOffice (oid, postCode, nameEn, nameBn, thanaOid) values ('Post-1347','5102','Shibganj','Shibganj','Thana-485');
insert into PostOffice (oid, postCode, nameEn, nameBn, thanaOid) values ('Post-1348','5101','Thakurgaon Road','Thakurgaon Road','Thana-485');
insert into PostOffice (oid, postCode, nameEn, nameBn, thanaOid) values ('Post-1349','5100','Thakurgaon Sadar','Thakurgaon Sadar','Thana-485');
insert into PostOffice (oid, postCode, nameEn, nameBn, thanaOid) values ('Post-135','2301','Kishoreganj S.Mills','Kishoreganj S.Mills','Thana-58');
insert into PostOffice (oid, postCode, nameEn, nameBn, thanaOid) values ('Post-136','2300','Kishoreganj Sadar','Kishoreganj Sadar','Thana-58');
insert into PostOffice (oid, postCode, nameEn, nameBn, thanaOid) values ('Post-137','2302','Maizhati','Maizhati','Thana-58');
insert into PostOffice (oid, postCode, nameEn, nameBn, thanaOid) values ('Post-138','2303','Nilganj','Nilganj','Thana-58');
insert into PostOffice (oid, postCode, nameEn, nameBn, thanaOid) values ('Post-139','2341','Chhoysuti','Chhoysuti','Thana-59');
insert into PostOffice (oid, postCode, nameEn, nameBn, thanaOid) values ('Post-14','1312','Ati','Ati','Thana-8');
insert into PostOffice (oid, postCode, nameEn, nameBn, thanaOid) values ('Post-140','2340','Kuliarchar','Kuliarchar','Thana-59');
insert into PostOffice (oid, postCode, nameEn, nameBn, thanaOid) values ('Post-141','2371','Abdullahpur','Abdullahpur','Thana-60');
insert into PostOffice (oid, postCode, nameEn, nameBn, thanaOid) values ('Post-142','2370','MIthamoin','MIthamoin','Thana-60');
insert into PostOffice (oid, postCode, nameEn, nameBn, thanaOid) values ('Post-143','2360','Nikli','Nikli','Thana-61');
insert into PostOffice (oid, postCode, nameEn, nameBn, thanaOid) values ('Post-144','2380','Ostagram','Ostagram','Thana-62');
insert into PostOffice (oid, postCode, nameEn, nameBn, thanaOid) values ('Post-145','2326','Pakundia','Pakundia','Thana-63');
insert into PostOffice (oid, postCode, nameEn, nameBn, thanaOid) values ('Post-146','2316','Tarial','Tarial','Thana-64');
insert into PostOffice (oid, postCode, nameEn, nameBn, thanaOid) values ('Post-147','7932','Bahadurpur','Bahadurpur','Thana-65');
insert into PostOffice (oid, postCode, nameEn, nameBn, thanaOid) values ('Post-148','7930','Barhamganj','Barhamganj','Thana-65');
insert into PostOffice (oid, postCode, nameEn, nameBn, thanaOid) values ('Post-149','7931','Nilaksmibandar','Nilaksmibandar','Thana-65');
insert into PostOffice (oid, postCode, nameEn, nameBn, thanaOid) values ('Post-15','1311','Dhaka Jute Mills','Dhaka Jute Mills','Thana-8');
insert into PostOffice (oid, postCode, nameEn, nameBn, thanaOid) values ('Post-150','7933','Umedpur','Umedpur','Thana-65');
insert into PostOffice (oid, postCode, nameEn, nameBn, thanaOid) values ('Post-151','7920','Kalkini','Kalkini','Thana-66');
insert into PostOffice (oid, postCode, nameEn, nameBn, thanaOid) values ('Post-152','7921','Sahabrampur','Sahabrampur','Thana-66');
insert into PostOffice (oid, postCode, nameEn, nameBn, thanaOid) values ('Post-153','7901','Charmugria','Charmugria','Thana-67');
insert into PostOffice (oid, postCode, nameEn, nameBn, thanaOid) values ('Post-154','7903','Habiganj','Habiganj','Thana-67');
insert into PostOffice (oid, postCode, nameEn, nameBn, thanaOid) values ('Post-155','7902','Kulpaddi','Kulpaddi','Thana-67');
insert into PostOffice (oid, postCode, nameEn, nameBn, thanaOid) values ('Post-156','7900','Madaripur Sadar','Madaripur Sadar','Thana-67');
insert into PostOffice (oid, postCode, nameEn, nameBn, thanaOid) values ('Post-157','7904','Mustafapur','Mustafapur','Thana-67');
insert into PostOffice (oid, postCode, nameEn, nameBn, thanaOid) values ('Post-158','7911','Khalia','Khalia','Thana-68');
insert into PostOffice (oid, postCode, nameEn, nameBn, thanaOid) values ('Post-159','7910','Rajoir','Rajoir','Thana-68');
insert into PostOffice (oid, postCode, nameEn, nameBn, thanaOid) values ('Post-16','1313','Kalatia','Kalatia','Thana-8');
insert into PostOffice (oid, postCode, nameEn, nameBn, thanaOid) values ('Post-160','1860','Doulatpur','Doulatpur','Thana-69');
insert into PostOffice (oid, postCode, nameEn, nameBn, thanaOid) values ('Post-161','1840','Gheor','Gheor','Thana-70');
insert into PostOffice (oid, postCode, nameEn, nameBn, thanaOid) values ('Post-162','1831','Jhitka','Jhitka','Thana-71');
insert into PostOffice (oid, postCode, nameEn, nameBn, thanaOid) values ('Post-163','1830','Lechhraganj','Lechhraganj','Thana-71');
insert into PostOffice (oid, postCode, nameEn, nameBn, thanaOid) values ('Post-164','1804','Barangail','Barangail','Thana-72');
insert into PostOffice (oid, postCode, nameEn, nameBn, thanaOid) values ('Post-165','1802','Gorpara','Gorpara','Thana-72');
insert into PostOffice (oid, postCode, nameEn, nameBn, thanaOid) values ('Post-166','1803','Mahadebpur','Mahadebpur','Thana-72');
insert into PostOffice (oid, postCode, nameEn, nameBn, thanaOid) values ('Post-167','1801','Manikganj Bazar','Manikganj Bazar','Thana-72');
insert into PostOffice (oid, postCode, nameEn, nameBn, thanaOid) values ('Post-168','1800','Manikganj Sadar','Manikganj Sadar','Thana-72');
insert into PostOffice (oid, postCode, nameEn, nameBn, thanaOid) values ('Post-169','1811','Baliati','Baliati','Thana-73');
insert into PostOffice (oid, postCode, nameEn, nameBn, thanaOid) values ('Post-17','1310','Keraniganj','Keraniganj','Thana-8');
insert into PostOffice (oid, postCode, nameEn, nameBn, thanaOid) values ('Post-170','1810','Saturia','Saturia','Thana-73');
insert into PostOffice (oid, postCode, nameEn, nameBn, thanaOid) values ('Post-171','1851','Aricha','Aricha','Thana-74');
insert into PostOffice (oid, postCode, nameEn, nameBn, thanaOid) values ('Post-172','1850','Shibaloy','Shibaloy','Thana-74');
insert into PostOffice (oid, postCode, nameEn, nameBn, thanaOid) values ('Post-173','1852','Tewta','Tewta','Thana-74');
insert into PostOffice (oid, postCode, nameEn, nameBn, thanaOid) values ('Post-174','1853','Uthli','Uthli','Thana-74');
insert into PostOffice (oid, postCode, nameEn, nameBn, thanaOid) values ('Post-175','1821','Baira','Baira','Thana-75');
insert into PostOffice (oid, postCode, nameEn, nameBn, thanaOid) values ('Post-176','1822','joymantop','joymantop','Thana-75');
insert into PostOffice (oid, postCode, nameEn, nameBn, thanaOid) values ('Post-177','1820','Singair','Singair','Thana-75');
insert into PostOffice (oid, postCode, nameEn, nameBn, thanaOid) values ('Post-178','1510','Gajaria','Gajaria','Thana-76');
insert into PostOffice (oid, postCode, nameEn, nameBn, thanaOid) values ('Post-179','1511','Hossendi','Hossendi','Thana-76');
insert into PostOffice (oid, postCode, nameEn, nameBn, thanaOid) values ('Post-18','1219','KhilgaonTSO','KhilgaonTSO','Thana-9');
insert into PostOffice (oid, postCode, nameEn, nameBn, thanaOid) values ('Post-180','1512','Rasulpur','Rasulpur','Thana-76');
insert into PostOffice (oid, postCode, nameEn, nameBn, thanaOid) values ('Post-181','1334','Gouragonj','Gouragonj','Thana-77');
insert into PostOffice (oid, postCode, nameEn, nameBn, thanaOid) values ('Post-182','1534','Gouragonj','Gouragonj','Thana-77');
insert into PostOffice (oid, postCode, nameEn, nameBn, thanaOid) values ('Post-183','1532','Haldia SO','Haldia SO','Thana-77');
insert into PostOffice (oid, postCode, nameEn, nameBn, thanaOid) values ('Post-184','1333','Haridia','Haridia','Thana-77');
insert into PostOffice (oid, postCode, nameEn, nameBn, thanaOid) values ('Post-185','1533','Haridia DESO','Haridia DESO','Thana-77');
insert into PostOffice (oid, postCode, nameEn, nameBn, thanaOid) values ('Post-186','1531','Korhati','Korhati','Thana-77');
insert into PostOffice (oid, postCode, nameEn, nameBn, thanaOid) values ('Post-187','1530','Lohajang','Lohajang','Thana-77');
insert into PostOffice (oid, postCode, nameEn, nameBn, thanaOid) values ('Post-188','1335','Madini Mandal','Madini Mandal','Thana-77');
insert into PostOffice (oid, postCode, nameEn, nameBn, thanaOid) values ('Post-189','1535','Medini Mandal EDSO','Medini Mandal EDSO','Thana-77');
insert into PostOffice (oid, postCode, nameEn, nameBn, thanaOid) values ('Post-19','1229','KhilkhetTSO','KhilkhetTSO','Thana-10');
insert into PostOffice (oid, postCode, nameEn, nameBn, thanaOid) values ('Post-190','1503','Kathakhali','Kathakhali','Thana-78');
insert into PostOffice (oid, postCode, nameEn, nameBn, thanaOid) values ('Post-191','1502','Mirkadim','Mirkadim','Thana-78');
insert into PostOffice (oid, postCode, nameEn, nameBn, thanaOid) values ('Post-192','1500','Munshiganj Sadar','Munshiganj Sadar','Thana-78');
insert into PostOffice (oid, postCode, nameEn, nameBn, thanaOid) values ('Post-193','1501','Rikabibazar','Rikabibazar','Thana-78');
insert into PostOffice (oid, postCode, nameEn, nameBn, thanaOid) values ('Post-194','1542','Ichapur','Ichapur','Thana-79');
insert into PostOffice (oid, postCode, nameEn, nameBn, thanaOid) values ('Post-195','1541','Kola','Kola','Thana-79');
insert into PostOffice (oid, postCode, nameEn, nameBn, thanaOid) values ('Post-196','1543','Malkha Nagar','Malkha Nagar','Thana-79');
insert into PostOffice (oid, postCode, nameEn, nameBn, thanaOid) values ('Post-197','1544','Shekher Nagar','Shekher Nagar','Thana-79');
insert into PostOffice (oid, postCode, nameEn, nameBn, thanaOid) values ('Post-198','1540','Sirajdikhan','Sirajdikhan','Thana-79');
insert into PostOffice (oid, postCode, nameEn, nameBn, thanaOid) values ('Post-199','1557','Baghra','Baghra','Thana-80');
insert into PostOffice (oid, postCode, nameEn, nameBn, thanaOid) values ('Post-2','1362','Matuail','Matuail','Thana-1');
insert into PostOffice (oid, postCode, nameEn, nameBn, thanaOid) values ('Post-20','1211','Posta TSO','Posta TSO','Thana-11');
insert into PostOffice (oid, postCode, nameEn, nameBn, thanaOid) values ('Post-200','1551','Barikhal','Barikhal','Thana-80');
insert into PostOffice (oid, postCode, nameEn, nameBn, thanaOid) values ('Post-201','1558','Bhaggyakul','Bhaggyakul','Thana-80');
insert into PostOffice (oid, postCode, nameEn, nameBn, thanaOid) values ('Post-202','1553','Hashara','Hashara','Thana-80');
insert into PostOffice (oid, postCode, nameEn, nameBn, thanaOid) values ('Post-203','1554','Kolapara','Kolapara','Thana-80');
insert into PostOffice (oid, postCode, nameEn, nameBn, thanaOid) values ('Post-204','1555','Kumarbhog','Kumarbhog','Thana-80');
insert into PostOffice (oid, postCode, nameEn, nameBn, thanaOid) values ('Post-205','1552','Mazpara','Mazpara','Thana-80');
insert into PostOffice (oid, postCode, nameEn, nameBn, thanaOid) values ('Post-206','1550','Srinagar','Srinagar','Thana-80');
insert into PostOffice (oid, postCode, nameEn, nameBn, thanaOid) values ('Post-207','1556','Vaggyakul SO','Vaggyakul SO','Thana-80');
insert into PostOffice (oid, postCode, nameEn, nameBn, thanaOid) values ('Post-208','1523','Bajrajugini','Bajrajugini','Thana-81');
insert into PostOffice (oid, postCode, nameEn, nameBn, thanaOid) values ('Post-209','1522','Baligao','Baligao','Thana-81');
insert into PostOffice (oid, postCode, nameEn, nameBn, thanaOid) values ('Post-21','1216','Mirpur TSO','Mirpur TSO','Thana-12');
insert into PostOffice (oid, postCode, nameEn, nameBn, thanaOid) values ('Post-210','1521','Betkahat','Betkahat','Thana-81');
insert into PostOffice (oid, postCode, nameEn, nameBn, thanaOid) values ('Post-211','1525','Dighirpar','Dighirpar','Thana-81');
insert into PostOffice (oid, postCode, nameEn, nameBn, thanaOid) values ('Post-212','1524','Hasail','Hasail','Thana-81');
insert into PostOffice (oid, postCode, nameEn, nameBn, thanaOid) values ('Post-213','1527','Pura','Pura','Thana-81');
insert into PostOffice (oid, postCode, nameEn, nameBn, thanaOid) values ('Post-214','1526','Pura EDSO','Pura EDSO','Thana-81');
insert into PostOffice (oid, postCode, nameEn, nameBn, thanaOid) values ('Post-215','1520','Tangibari','Tangibari','Thana-81');
insert into PostOffice (oid, postCode, nameEn, nameBn, thanaOid) values ('Post-216','2240','Bhaluka','Bhaluka','Thana-82');
insert into PostOffice (oid, postCode, nameEn, nameBn, thanaOid) values ('Post-217','2216','Fulbaria','Fulbaria','Thana-83');
insert into PostOffice (oid, postCode, nameEn, nameBn, thanaOid) values ('Post-218','2234','Duttarbazar','Duttarbazar','Thana-84');
insert into PostOffice (oid, postCode, nameEn, nameBn, thanaOid) values ('Post-219','2230','Gaforgaon','Gaforgaon','Thana-84');
insert into PostOffice (oid, postCode, nameEn, nameBn, thanaOid) values ('Post-22','1207','Mohammadpur Housing','Mohammadpur Housing','Thana-13');
insert into PostOffice (oid, postCode, nameEn, nameBn, thanaOid) values ('Post-220','2233','Kandipara','Kandipara','Thana-84');
insert into PostOffice (oid, postCode, nameEn, nameBn, thanaOid) values ('Post-221','2231','Shibganj','Shibganj','Thana-84');
insert into PostOffice (oid, postCode, nameEn, nameBn, thanaOid) values ('Post-222','2232','Usti','Usti','Thana-84');
insert into PostOffice (oid, postCode, nameEn, nameBn, thanaOid) values ('Post-223','2270','Gouripur','Gouripur','Thana-85');
insert into PostOffice (oid, postCode, nameEn, nameBn, thanaOid) values ('Post-224','2271','Ramgopalpur','Ramgopalpur','Thana-85');
insert into PostOffice (oid, postCode, nameEn, nameBn, thanaOid) values ('Post-225','2261','Dhara','Dhara','Thana-86');
insert into PostOffice (oid, postCode, nameEn, nameBn, thanaOid) values ('Post-226','2260','Haluaghat','Haluaghat','Thana-86');
insert into PostOffice (oid, postCode, nameEn, nameBn, thanaOid) values ('Post-227','2262','Munshirhat','Munshirhat','Thana-86');
insert into PostOffice (oid, postCode, nameEn, nameBn, thanaOid) values ('Post-228','2282','Atharabari','Atharabari','Thana-87');
insert into PostOffice (oid, postCode, nameEn, nameBn, thanaOid) values ('Post-229','2280','Isshwargonj','Isshwargonj','Thana-87');
insert into PostOffice (oid, postCode, nameEn, nameBn, thanaOid) values ('Post-23','1225','Sangsad BhabanTSO','Sangsad BhabanTSO','Thana-13');
insert into PostOffice (oid, postCode, nameEn, nameBn, thanaOid) values ('Post-230','2281','Sohagi','Sohagi','Thana-87');
insert into PostOffice (oid, postCode, nameEn, nameBn, thanaOid) values ('Post-231','2210','Muktagachha','Muktagachha','Thana-88');
insert into PostOffice (oid, postCode, nameEn, nameBn, thanaOid) values ('Post-232','2202','Agriculture Universi','Agriculture Universi','Thana-89');
insert into PostOffice (oid, postCode, nameEn, nameBn, thanaOid) values ('Post-233','2204','Biddyaganj','Biddyaganj','Thana-89');
insert into PostOffice (oid, postCode, nameEn, nameBn, thanaOid) values ('Post-234','2201','Kawatkhali','Kawatkhali','Thana-89');
insert into PostOffice (oid, postCode, nameEn, nameBn, thanaOid) values ('Post-235','2200','Mymensingh Sadar','Mymensingh Sadar','Thana-89');
insert into PostOffice (oid, postCode, nameEn, nameBn, thanaOid) values ('Post-236','2205','Pearpur','Pearpur','Thana-89');
insert into PostOffice (oid, postCode, nameEn, nameBn, thanaOid) values ('Post-237','2203','Shombhuganj','Shombhuganj','Thana-89');
insert into PostOffice (oid, postCode, nameEn, nameBn, thanaOid) values ('Post-238','2291','Gangail','Gangail','Thana-90');
insert into PostOffice (oid, postCode, nameEn, nameBn, thanaOid) values ('Post-239','2290','Nandail','Nandail','Thana-90');
insert into PostOffice (oid, postCode, nameEn, nameBn, thanaOid) values ('Post-24','1222','BangabhabanTSO','BangabhabanTSO','Thana-14');
insert into PostOffice (oid, postCode, nameEn, nameBn, thanaOid) values ('Post-240','2251','Beltia','Beltia','Thana-91');
insert into PostOffice (oid, postCode, nameEn, nameBn, thanaOid) values ('Post-241','2250','Phulpur','Phulpur','Thana-91');
insert into PostOffice (oid, postCode, nameEn, nameBn, thanaOid) values ('Post-242','2252','Tarakanda','Tarakanda','Thana-91');
insert into PostOffice (oid, postCode, nameEn, nameBn, thanaOid) values ('Post-243','2221','Ahmadbad','Ahmadbad','Thana-92');
insert into PostOffice (oid, postCode, nameEn, nameBn, thanaOid) values ('Post-244','2223','Dhala','Dhala','Thana-92');
insert into PostOffice (oid, postCode, nameEn, nameBn, thanaOid) values ('Post-245','2222','Ram Amritaganj','Ram Amritaganj','Thana-92');
insert into PostOffice (oid, postCode, nameEn, nameBn, thanaOid) values ('Post-246','2220','Trishal','Trishal','Thana-92');
insert into PostOffice (oid, postCode, nameEn, nameBn, thanaOid) values ('Post-247','1450','Araihazar','Araihazar','Thana-93');
insert into PostOffice (oid, postCode, nameEn, nameBn, thanaOid) values ('Post-248','1451','Gopaldi','Gopaldi','Thana-93');
insert into PostOffice (oid, postCode, nameEn, nameBn, thanaOid) values ('Post-249','1440','Baidder Bazar','Baidder Bazar','Thana-94');
insert into PostOffice (oid, postCode, nameEn, nameBn, thanaOid) values ('Post-25','1223','DilkushaTSO','DilkushaTSO','Thana-14');
insert into PostOffice (oid, postCode, nameEn, nameBn, thanaOid) values ('Post-250','1441','Bara Nagar','Bara Nagar','Thana-94');
insert into PostOffice (oid, postCode, nameEn, nameBn, thanaOid) values ('Post-251','1442','Barodi','Barodi','Thana-94');
insert into PostOffice (oid, postCode, nameEn, nameBn, thanaOid) values ('Post-252','1410','Bandar','Bandar','Thana-95');
insert into PostOffice (oid, postCode, nameEn, nameBn, thanaOid) values ('Post-253','1413','BIDS','BIDS','Thana-95');
insert into PostOffice (oid, postCode, nameEn, nameBn, thanaOid) values ('Post-254','1411','D.C Mills','D.C Mills','Thana-95');
insert into PostOffice (oid, postCode, nameEn, nameBn, thanaOid) values ('Post-255','1414','Madanganj','Madanganj','Thana-95');
insert into PostOffice (oid, postCode, nameEn, nameBn, thanaOid) values ('Post-256','1412','Nabiganj','Nabiganj','Thana-95');
insert into PostOffice (oid, postCode, nameEn, nameBn, thanaOid) values ('Post-257','1421','Fatulla Bazar','Fatulla Bazar','Thana-96');
insert into PostOffice (oid, postCode, nameEn, nameBn, thanaOid) values ('Post-258','1420','Fatullah','Fatullah','Thana-96');
insert into PostOffice (oid, postCode, nameEn, nameBn, thanaOid) values ('Post-259','1400','Narayanganj Sadar','Narayanganj Sadar','Thana-97');
insert into PostOffice (oid, postCode, nameEn, nameBn, thanaOid) values ('Post-26','1323','Agla','Agla','Thana-15');
insert into PostOffice (oid, postCode, nameEn, nameBn, thanaOid) values ('Post-260','1462','Bhulta','Bhulta','Thana-98');
insert into PostOffice (oid, postCode, nameEn, nameBn, thanaOid) values ('Post-261','1461','Kanchan','Kanchan','Thana-98');
insert into PostOffice (oid, postCode, nameEn, nameBn, thanaOid) values ('Post-262','1464','Murapara','Murapara','Thana-98');
insert into PostOffice (oid, postCode, nameEn, nameBn, thanaOid) values ('Post-263','1463','Nagri','Nagri','Thana-98');
insert into PostOffice (oid, postCode, nameEn, nameBn, thanaOid) values ('Post-264','1460','Rupganj','Rupganj','Thana-98');
insert into PostOffice (oid, postCode, nameEn, nameBn, thanaOid) values ('Post-265','1431','Adamjeenagar','Adamjeenagar','Thana-99');
insert into PostOffice (oid, postCode, nameEn, nameBn, thanaOid) values ('Post-266','1432','LN Mills','LN Mills','Thana-99');
insert into PostOffice (oid, postCode, nameEn, nameBn, thanaOid) values ('Post-267','1430','Siddirganj','Siddirganj','Thana-99');
insert into PostOffice (oid, postCode, nameEn, nameBn, thanaOid) values ('Post-268','1640','Belabo','Belabo','Thana-100');
insert into PostOffice (oid, postCode, nameEn, nameBn, thanaOid) values ('Post-269','1651','Hatirdia','Hatirdia','Thana-101');
insert into PostOffice (oid, postCode, nameEn, nameBn, thanaOid) values ('Post-27','1325','Churain','Churain','Thana-15');
insert into PostOffice (oid, postCode, nameEn, nameBn, thanaOid) values ('Post-270','1652','Katabaria','Katabaria','Thana-101');
insert into PostOffice (oid, postCode, nameEn, nameBn, thanaOid) values ('Post-271','1650','Monohordi','Monohordi','Thana-101');
insert into PostOffice (oid, postCode, nameEn, nameBn, thanaOid) values ('Post-272','1605','Karimpur','Karimpur','Thana-102');
insert into PostOffice (oid, postCode, nameEn, nameBn, thanaOid) values ('Post-273','1604','Madhabdi','Madhabdi','Thana-102');
insert into PostOffice (oid, postCode, nameEn, nameBn, thanaOid) values ('Post-274','1602','Narshingdi College','Narshingdi College','Thana-102');
insert into PostOffice (oid, postCode, nameEn, nameBn, thanaOid) values ('Post-275','1600','Narshingdi Sadar','Narshingdi Sadar','Thana-102');
insert into PostOffice (oid, postCode, nameEn, nameBn, thanaOid) values ('Post-276','1603','Panchdona','Panchdona','Thana-102');
insert into PostOffice (oid, postCode, nameEn, nameBn, thanaOid) values ('Post-277','1601','UMC Jute Mills','UMC Jute Mills','Thana-102');
insert into PostOffice (oid, postCode, nameEn, nameBn, thanaOid) values ('Post-278','1612','Char Sindhur','Char Sindhur','Thana-103');
insert into PostOffice (oid, postCode, nameEn, nameBn, thanaOid) values ('Post-279','1613','Ghorashal','Ghorashal','Thana-103');
insert into PostOffice (oid, postCode, nameEn, nameBn, thanaOid) values ('Post-28','1322','Daudpur','Daudpur','Thana-15');
insert into PostOffice (oid, postCode, nameEn, nameBn, thanaOid) values ('Post-280','1611','Ghorashal Urea Facto','Ghorashal Urea Facto','Thana-103');
insert into PostOffice (oid, postCode, nameEn, nameBn, thanaOid) values ('Post-281','1610','Palash','Palash','Thana-103');
insert into PostOffice (oid, postCode, nameEn, nameBn, thanaOid) values ('Post-282','1631','Bazar Hasnabad','Bazar Hasnabad','Thana-104');
insert into PostOffice (oid, postCode, nameEn, nameBn, thanaOid) values ('Post-283','1632','Radhaganj bazar','Radhaganj bazar','Thana-104');
insert into PostOffice (oid, postCode, nameEn, nameBn, thanaOid) values ('Post-284','1630','Raypura','Raypura','Thana-104');
insert into PostOffice (oid, postCode, nameEn, nameBn, thanaOid) values ('Post-285','1620','Shibpur','Shibpur','Thana-105');
insert into PostOffice (oid, postCode, nameEn, nameBn, thanaOid) values ('Post-286','2420','Susnng Durgapur','Susnng Durgapur','Thana-106');
insert into PostOffice (oid, postCode, nameEn, nameBn, thanaOid) values ('Post-287','2470','Atpara','Atpara','Thana-107');
insert into PostOffice (oid, postCode, nameEn, nameBn, thanaOid) values ('Post-288','2440','Barhatta','Barhatta','Thana-108');
insert into PostOffice (oid, postCode, nameEn, nameBn, thanaOid) values ('Post-289','2450','Dharampasha','Dharampasha','Thana-109');
insert into PostOffice (oid, postCode, nameEn, nameBn, thanaOid) values ('Post-29','1321','Hasnabad','Hasnabad','Thana-15');
insert into PostOffice (oid, postCode, nameEn, nameBn, thanaOid) values ('Post-290','2416','Dhobaura','Dhobaura','Thana-110');
insert into PostOffice (oid, postCode, nameEn, nameBn, thanaOid) values ('Post-291','2417','Sakoai','Sakoai','Thana-110');
insert into PostOffice (oid, postCode, nameEn, nameBn, thanaOid) values ('Post-292','2430','Kalmakanda','Kalmakanda','Thana-111');
insert into PostOffice (oid, postCode, nameEn, nameBn, thanaOid) values ('Post-293','2480','Kendua','Kendua','Thana-112');
insert into PostOffice (oid, postCode, nameEn, nameBn, thanaOid) values ('Post-294','2460','Khaliajhri','Khaliajhri','Thana-113');
insert into PostOffice (oid, postCode, nameEn, nameBn, thanaOid) values ('Post-295','2462','Shaldigha','Shaldigha','Thana-113');
insert into PostOffice (oid, postCode, nameEn, nameBn, thanaOid) values ('Post-296','2490','Madan','Madan','Thana-114');
insert into PostOffice (oid, postCode, nameEn, nameBn, thanaOid) values ('Post-297','2456','Moddoynagar','Moddoynagar','Thana-115');
insert into PostOffice (oid, postCode, nameEn, nameBn, thanaOid) values ('Post-298','2446','Mohanganj','Mohanganj','Thana-116');
insert into PostOffice (oid, postCode, nameEn, nameBn, thanaOid) values ('Post-299','2401','Baikherhati','Baikherhati','Thana-117');
insert into PostOffice (oid, postCode, nameEn, nameBn, thanaOid) values ('Post-3','1361','Sarulia','Sarulia','Thana-1');
insert into PostOffice (oid, postCode, nameEn, nameBn, thanaOid) values ('Post-30','1324','Khalpar','Khalpar','Thana-15');
insert into PostOffice (oid, postCode, nameEn, nameBn, thanaOid) values ('Post-300','2400','Netrakona Sadar','Netrakona Sadar','Thana-117');
insert into PostOffice (oid, postCode, nameEn, nameBn, thanaOid) values ('Post-301','2412','Jaria Jhanjhail','Jaria Jhanjhail','Thana-118');
insert into PostOffice (oid, postCode, nameEn, nameBn, thanaOid) values ('Post-302','2410','Purbadhola','Purbadhola','Thana-118');
insert into PostOffice (oid, postCode, nameEn, nameBn, thanaOid) values ('Post-303','2411','Shamgonj','Shamgonj','Thana-118');
insert into PostOffice (oid, postCode, nameEn, nameBn, thanaOid) values ('Post-304','7730','Baliakandi','Baliakandi','Thana-119');
insert into PostOffice (oid, postCode, nameEn, nameBn, thanaOid) values ('Post-305','7731','Nalia','Nalia','Thana-119');
insert into PostOffice (oid, postCode, nameEn, nameBn, thanaOid) values ('Post-306','7723','Mrigibazar','Mrigibazar','Thana-120');
insert into PostOffice (oid, postCode, nameEn, nameBn, thanaOid) values ('Post-307','7720','Pangsha','Pangsha','Thana-120');
insert into PostOffice (oid, postCode, nameEn, nameBn, thanaOid) values ('Post-308','7721','Ramkol','Ramkol','Thana-120');
insert into PostOffice (oid, postCode, nameEn, nameBn, thanaOid) values ('Post-309','7722','Ratandia','Ratandia','Thana-120');
insert into PostOffice (oid, postCode, nameEn, nameBn, thanaOid) values ('Post-31','1320','Nawabganj','Nawabganj','Thana-15');
insert into PostOffice (oid, postCode, nameEn, nameBn, thanaOid) values ('Post-310','7710','Goalanda','Goalanda','Thana-121');
insert into PostOffice (oid, postCode, nameEn, nameBn, thanaOid) values ('Post-311','7711','Khankhanapur','Khankhanapur','Thana-121');
insert into PostOffice (oid, postCode, nameEn, nameBn, thanaOid) values ('Post-312','7700','Rajbari Sadar','Rajbari Sadar','Thana-121');
insert into PostOffice (oid, postCode, nameEn, nameBn, thanaOid) values ('Post-313','8030','Bhedorganj','Bhedorganj','Thana-122');
insert into PostOffice (oid, postCode, nameEn, nameBn, thanaOid) values ('Post-314','8040','Damudhya','Damudhya','Thana-123');
insert into PostOffice (oid, postCode, nameEn, nameBn, thanaOid) values ('Post-315','8050','Gosairhat','Gosairhat','Thana-124');
insert into PostOffice (oid, postCode, nameEn, nameBn, thanaOid) values ('Post-316','8010','Jajira','Jajira','Thana-125');
insert into PostOffice (oid, postCode, nameEn, nameBn, thanaOid) values ('Post-317','8021','Bhozeshwar','Bhozeshwar','Thana-126');
insert into PostOffice (oid, postCode, nameEn, nameBn, thanaOid) values ('Post-318','8022','Gharisar','Gharisar','Thana-126');
insert into PostOffice (oid, postCode, nameEn, nameBn, thanaOid) values ('Post-319','8024','Kartikpur','Kartikpur','Thana-126');
insert into PostOffice (oid, postCode, nameEn, nameBn, thanaOid) values ('Post-32','1205','New Market TSO','New Market TSO','Thana-16');
insert into PostOffice (oid, postCode, nameEn, nameBn, thanaOid) values ('Post-320','8020','Naria','Naria','Thana-126');
insert into PostOffice (oid, postCode, nameEn, nameBn, thanaOid) values ('Post-321','8023','Upshi','Upshi','Thana-126');
insert into PostOffice (oid, postCode, nameEn, nameBn, thanaOid) values ('Post-322','8001','Angaria','Angaria','Thana-127');
insert into PostOffice (oid, postCode, nameEn, nameBn, thanaOid) values ('Post-323','8002','Chikandi','Chikandi','Thana-127');
insert into PostOffice (oid, postCode, nameEn, nameBn, thanaOid) values ('Post-324','8000','Shariatpur Sadar','Shariatpur Sadar','Thana-127');
insert into PostOffice (oid, postCode, nameEn, nameBn, thanaOid) values ('Post-325','2140','Bakshigonj','Bakshigonj','Thana-128');
insert into PostOffice (oid, postCode, nameEn, nameBn, thanaOid) values ('Post-326','2120','Jhinaigati','Jhinaigati','Thana-129');
insert into PostOffice (oid, postCode, nameEn, nameBn, thanaOid) values ('Post-327','2151','Gonopaddi','Gonopaddi','Thana-130');
insert into PostOffice (oid, postCode, nameEn, nameBn, thanaOid) values ('Post-328','2150','Nakla','Nakla','Thana-130');
insert into PostOffice (oid, postCode, nameEn, nameBn, thanaOid) values ('Post-329','2111','Hatibandha','Hatibandha','Thana-131');
insert into PostOffice (oid, postCode, nameEn, nameBn, thanaOid) values ('Post-33','1000','Dhaka GPO','Dhaka GPO','Thana-17');
insert into PostOffice (oid, postCode, nameEn, nameBn, thanaOid) values ('Post-330','2110','Nalitabari','Nalitabari','Thana-131');
insert into PostOffice (oid, postCode, nameEn, nameBn, thanaOid) values ('Post-331','2100','Sherpur Shadar','Sherpur Shadar','Thana-132');
insert into PostOffice (oid, postCode, nameEn, nameBn, thanaOid) values ('Post-332','2130','Shribardi','Shribardi','Thana-133');
insert into PostOffice (oid, postCode, nameEn, nameBn, thanaOid) values ('Post-333','1920','Basail','Basail','Thana-134');
insert into PostOffice (oid, postCode, nameEn, nameBn, thanaOid) values ('Post-334','1960','Bhuapur','Bhuapur','Thana-135');
insert into PostOffice (oid, postCode, nameEn, nameBn, thanaOid) values ('Post-335','1910','Delduar','Delduar','Thana-136');
insert into PostOffice (oid, postCode, nameEn, nameBn, thanaOid) values ('Post-336','1913','Elasin','Elasin','Thana-136');
insert into PostOffice (oid, postCode, nameEn, nameBn, thanaOid) values ('Post-337','1914','Hinga Nagar','Hinga Nagar','Thana-136');
insert into PostOffice (oid, postCode, nameEn, nameBn, thanaOid) values ('Post-338','1911','Jangalia','Jangalia','Thana-136');
insert into PostOffice (oid, postCode, nameEn, nameBn, thanaOid) values ('Post-339','1915','Lowhati','Lowhati','Thana-136');
insert into PostOffice (oid, postCode, nameEn, nameBn, thanaOid) values ('Post-34','1217','Shantinagr TSO','Shantinagr TSO','Thana-18');
insert into PostOffice (oid, postCode, nameEn, nameBn, thanaOid) values ('Post-340','1912','Patharail','Patharail','Thana-136');
insert into PostOffice (oid, postCode, nameEn, nameBn, thanaOid) values ('Post-341','1982','D. Pakutia','D. Pakutia','Thana-137');
insert into PostOffice (oid, postCode, nameEn, nameBn, thanaOid) values ('Post-342','1983','Dhalapara','Dhalapara','Thana-137');
insert into PostOffice (oid, postCode, nameEn, nameBn, thanaOid) values ('Post-343','1980','Ghatial','Ghatial','Thana-137');
insert into PostOffice (oid, postCode, nameEn, nameBn, thanaOid) values ('Post-344','1984','Lohani','Lohani','Thana-137');
insert into PostOffice (oid, postCode, nameEn, nameBn, thanaOid) values ('Post-345','1981','Zahidganj','Zahidganj','Thana-137');
insert into PostOffice (oid, postCode, nameEn, nameBn, thanaOid) values ('Post-346','1990','Gopalpur','Gopalpur','Thana-138');
insert into PostOffice (oid, postCode, nameEn, nameBn, thanaOid) values ('Post-347','1992','Hemnagar','Hemnagar','Thana-138');
insert into PostOffice (oid, postCode, nameEn, nameBn, thanaOid) values ('Post-348','1991','Jhowail','Jhowail','Thana-138');
insert into PostOffice (oid, postCode, nameEn, nameBn, thanaOid) values ('Post-349','1973','Ballabazar','Ballabazar','Thana-139');
insert into PostOffice (oid, postCode, nameEn, nameBn, thanaOid) values ('Post-35','1214','Basabo TSO','Basabo TSO','Thana-19');
insert into PostOffice (oid, postCode, nameEn, nameBn, thanaOid) values ('Post-350','1974','Elinga','Elinga','Thana-139');
insert into PostOffice (oid, postCode, nameEn, nameBn, thanaOid) values ('Post-351','1970','Kalihati','Kalihati','Thana-139');
insert into PostOffice (oid, postCode, nameEn, nameBn, thanaOid) values ('Post-352','1977','Nagarbari','Nagarbari','Thana-139');
insert into PostOffice (oid, postCode, nameEn, nameBn, thanaOid) values ('Post-353','1976','Nagarbari SO','Nagarbari SO','Thana-139');
insert into PostOffice (oid, postCode, nameEn, nameBn, thanaOid) values ('Post-354','1972','Nagbari','Nagbari','Thana-139');
insert into PostOffice (oid, postCode, nameEn, nameBn, thanaOid) values ('Post-355','1975','Palisha','Palisha','Thana-139');
insert into PostOffice (oid, postCode, nameEn, nameBn, thanaOid) values ('Post-356','1971','Rajafair','Rajafair','Thana-139');
insert into PostOffice (oid, postCode, nameEn, nameBn, thanaOid) values ('Post-357','1930','Kashkawlia','Kashkawlia','Thana-140');
insert into PostOffice (oid, postCode, nameEn, nameBn, thanaOid) values ('Post-358','1997','Dhobari','Dhobari','Thana-141');
insert into PostOffice (oid, postCode, nameEn, nameBn, thanaOid) values ('Post-359','1996','Madhupur','Madhupur','Thana-141');
insert into PostOffice (oid, postCode, nameEn, nameBn, thanaOid) values ('Post-36','1348','Amin Bazar','Amin Bazar','Thana-20');
insert into PostOffice (oid, postCode, nameEn, nameBn, thanaOid) values ('Post-360','1941','Gorai','Gorai','Thana-142');
insert into PostOffice (oid, postCode, nameEn, nameBn, thanaOid) values ('Post-361','1944','Jarmuki','Jarmuki','Thana-142');
insert into PostOffice (oid, postCode, nameEn, nameBn, thanaOid) values ('Post-362','1942','M.C. College','M.C. College','Thana-142');
insert into PostOffice (oid, postCode, nameEn, nameBn, thanaOid) values ('Post-363','1940','Mirzapur','Mirzapur','Thana-142');
insert into PostOffice (oid, postCode, nameEn, nameBn, thanaOid) values ('Post-364','1945','Mohera','Mohera','Thana-142');
insert into PostOffice (oid, postCode, nameEn, nameBn, thanaOid) values ('Post-365','1943','Warri paikpara','Warri paikpara','Thana-142');
insert into PostOffice (oid, postCode, nameEn, nameBn, thanaOid) values ('Post-366','1937','Dhuburia','Dhuburia','Thana-143');
insert into PostOffice (oid, postCode, nameEn, nameBn, thanaOid) values ('Post-367','1936','Nagarpur','Nagarpur','Thana-143');
insert into PostOffice (oid, postCode, nameEn, nameBn, thanaOid) values ('Post-368','1938','Salimabad','Salimabad','Thana-143');
insert into PostOffice (oid, postCode, nameEn, nameBn, thanaOid) values ('Post-369','1951','Kochua','Kochua','Thana-144');
insert into PostOffice (oid, postCode, nameEn, nameBn, thanaOid) values ('Post-37','1341','Dairy Farm','Dairy Farm','Thana-20');
insert into PostOffice (oid, postCode, nameEn, nameBn, thanaOid) values ('Post-370','1950','Sakhipur','Sakhipur','Thana-144');
insert into PostOffice (oid, postCode, nameEn, nameBn, thanaOid) values ('Post-371','1901','Kagmari','Kagmari','Thana-145');
insert into PostOffice (oid, postCode, nameEn, nameBn, thanaOid) values ('Post-372','1903','Korotia','Korotia','Thana-145');
insert into PostOffice (oid, postCode, nameEn, nameBn, thanaOid) values ('Post-373','1904','Purabari','Purabari','Thana-145');
insert into PostOffice (oid, postCode, nameEn, nameBn, thanaOid) values ('Post-374','1902','Santosh','Santosh','Thana-145');
insert into PostOffice (oid, postCode, nameEn, nameBn, thanaOid) values ('Post-375','1900','Tangail Sadar','Tangail Sadar','Thana-145');
insert into PostOffice (oid, postCode, nameEn, nameBn, thanaOid) values ('Post-376','4650','Alikadam','Alikadam','Thana-146');
insert into PostOffice (oid, postCode, nameEn, nameBn, thanaOid) values ('Post-377','4600','Bandarban Sadar','Bandarban Sadar','Thana-147');
insert into PostOffice (oid, postCode, nameEn, nameBn, thanaOid) values ('Post-378','4660','Naikhong','Naikhong','Thana-148');
insert into PostOffice (oid, postCode, nameEn, nameBn, thanaOid) values ('Post-379','4610','Roanchhari','Roanchhari','Thana-149');
insert into PostOffice (oid, postCode, nameEn, nameBn, thanaOid) values ('Post-38','1349','EPZ','EPZ','Thana-20');
insert into PostOffice (oid, postCode, nameEn, nameBn, thanaOid) values ('Post-380','4620','Ruma','Ruma','Thana-150');
insert into PostOffice (oid, postCode, nameEn, nameBn, thanaOid) values ('Post-381','4641','Lama','Lama','Thana-151');
insert into PostOffice (oid, postCode, nameEn, nameBn, thanaOid) values ('Post-382','4630','Thanchi','Thanchi','Thana-151');
insert into PostOffice (oid, postCode, nameEn, nameBn, thanaOid) values ('Post-383','3450','Akhaura','Akhaura','Thana-152');
insert into PostOffice (oid, postCode, nameEn, nameBn, thanaOid) values ('Post-384','3451','Azampur','Azampur','Thana-152');
insert into PostOffice (oid, postCode, nameEn, nameBn, thanaOid) values ('Post-385','3452','Gangasagar','Gangasagar','Thana-152');
insert into PostOffice (oid, postCode, nameEn, nameBn, thanaOid) values ('Post-386','3420','Banchharampur','Banchharampur','Thana-153');
insert into PostOffice (oid, postCode, nameEn, nameBn, thanaOid) values ('Post-387','3402','Ashuganj','Ashuganj','Thana-154');
insert into PostOffice (oid, postCode, nameEn, nameBn, thanaOid) values ('Post-388','3403','Ashuganj Share','Ashuganj Share','Thana-154');
insert into PostOffice (oid, postCode, nameEn, nameBn, thanaOid) values ('Post-389','3400','Brahamanbaria Sadar','Brahamanbaria Sadar','Thana-154');
insert into PostOffice (oid, postCode, nameEn, nameBn, thanaOid) values ('Post-39','1342','Jahangirnagar Univer','Jahangirnagar Univer','Thana-20');
insert into PostOffice (oid, postCode, nameEn, nameBn, thanaOid) values ('Post-390','3404','Poun','Poun','Thana-154');
insert into PostOffice (oid, postCode, nameEn, nameBn, thanaOid) values ('Post-391','3401','Talshahar','Talshahar','Thana-154');
insert into PostOffice (oid, postCode, nameEn, nameBn, thanaOid) values ('Post-392','3462','Chandidar','Chandidar','Thana-155');
insert into PostOffice (oid, postCode, nameEn, nameBn, thanaOid) values ('Post-393','3463','Chargachh','Chargachh','Thana-155');
insert into PostOffice (oid, postCode, nameEn, nameBn, thanaOid) values ('Post-394','3464','Gopinathpur','Gopinathpur','Thana-155');
insert into PostOffice (oid, postCode, nameEn, nameBn, thanaOid) values ('Post-395','3460','Kasba','Kasba','Thana-155');
insert into PostOffice (oid, postCode, nameEn, nameBn, thanaOid) values ('Post-396','3461','Kuti','Kuti','Thana-155');
insert into PostOffice (oid, postCode, nameEn, nameBn, thanaOid) values ('Post-397','3419','Jibanganj','Jibanganj','Thana-156');
insert into PostOffice (oid, postCode, nameEn, nameBn, thanaOid) values ('Post-398','3417','Kaitala','Kaitala','Thana-156');
insert into PostOffice (oid, postCode, nameEn, nameBn, thanaOid) values ('Post-399','3411','Laubfatehpur','Laubfatehpur','Thana-156');
insert into PostOffice (oid, postCode, nameEn, nameBn, thanaOid) values ('Post-4','1206','Dhaka CantonmentTSO','Dhaka CantonmentTSO','Thana-2');
insert into PostOffice (oid, postCode, nameEn, nameBn, thanaOid) values ('Post-40','1346','Kashem Cotton Mills','Kashem Cotton Mills','Thana-20');
insert into PostOffice (oid, postCode, nameEn, nameBn, thanaOid) values ('Post-400','3410','Nabinagar','Nabinagar','Thana-156');
insert into PostOffice (oid, postCode, nameEn, nameBn, thanaOid) values ('Post-401','3412','Rasullabad','Rasullabad','Thana-156');
insert into PostOffice (oid, postCode, nameEn, nameBn, thanaOid) values ('Post-402','3414','Ratanpur','Ratanpur','Thana-156');
insert into PostOffice (oid, postCode, nameEn, nameBn, thanaOid) values ('Post-403','3418','Salimganj','Salimganj','Thana-156');
insert into PostOffice (oid, postCode, nameEn, nameBn, thanaOid) values ('Post-404','3415','Shahapur','Shahapur','Thana-156');
insert into PostOffice (oid, postCode, nameEn, nameBn, thanaOid) values ('Post-405','3413','Shamgram','Shamgram','Thana-156');
insert into PostOffice (oid, postCode, nameEn, nameBn, thanaOid) values ('Post-406','3441','Fandauk','Fandauk','Thana-157');
insert into PostOffice (oid, postCode, nameEn, nameBn, thanaOid) values ('Post-407','3440','Nasirnagar','Nasirnagar','Thana-157');
insert into PostOffice (oid, postCode, nameEn, nameBn, thanaOid) values ('Post-408','3432','Chandura','Chandura','Thana-158');
insert into PostOffice (oid, postCode, nameEn, nameBn, thanaOid) values ('Post-409','3430','Sarial','Sarial','Thana-158');
insert into PostOffice (oid, postCode, nameEn, nameBn, thanaOid) values ('Post-41','1347','Rajphulbaria','Rajphulbaria','Thana-20');
insert into PostOffice (oid, postCode, nameEn, nameBn, thanaOid) values ('Post-410','3431','Shahbajpur','Shahbajpur','Thana-158');
insert into PostOffice (oid, postCode, nameEn, nameBn, thanaOid) values ('Post-411','3602','Baburhat','Baburhat','Thana-159');
insert into PostOffice (oid, postCode, nameEn, nameBn, thanaOid) values ('Post-412','3600','Chandpur Sadar','Chandpur Sadar','Thana-159');
insert into PostOffice (oid, postCode, nameEn, nameBn, thanaOid) values ('Post-413','3601','Puranbazar','Puranbazar','Thana-159');
insert into PostOffice (oid, postCode, nameEn, nameBn, thanaOid) values ('Post-414','3603','Sahatali','Sahatali','Thana-159');
insert into PostOffice (oid, postCode, nameEn, nameBn, thanaOid) values ('Post-415','3651','Chandra','Chandra','Thana-160');
insert into PostOffice (oid, postCode, nameEn, nameBn, thanaOid) values ('Post-416','3650','Faridganj','Faridganj','Thana-160');
insert into PostOffice (oid, postCode, nameEn, nameBn, thanaOid) values ('Post-417','3653','Gridkaliandia','Gridkaliandia','Thana-160');
insert into PostOffice (oid, postCode, nameEn, nameBn, thanaOid) values ('Post-418','3655','Islampur Shah Isain','Islampur Shah Isain','Thana-160');
insert into PostOffice (oid, postCode, nameEn, nameBn, thanaOid) values ('Post-419','3654','Rampurbazar','Rampurbazar','Thana-160');
insert into PostOffice (oid, postCode, nameEn, nameBn, thanaOid) values ('Post-42','1340','Savar','Savar','Thana-20');
insert into PostOffice (oid, postCode, nameEn, nameBn, thanaOid) values ('Post-420','3652','Rupsha','Rupsha','Thana-160');
insert into PostOffice (oid, postCode, nameEn, nameBn, thanaOid) values ('Post-421','3611','Bolakhal','Bolakhal','Thana-161');
insert into PostOffice (oid, postCode, nameEn, nameBn, thanaOid) values ('Post-422','3610','Hajiganj','Hajiganj','Thana-161');
insert into PostOffice (oid, postCode, nameEn, nameBn, thanaOid) values ('Post-423','3661','Gandamara','Gandamara','Thana-162');
insert into PostOffice (oid, postCode, nameEn, nameBn, thanaOid) values ('Post-424','3660','Hayemchar','Hayemchar','Thana-162');
insert into PostOffice (oid, postCode, nameEn, nameBn, thanaOid) values ('Post-425','3630','Kachua','Kachua','Thana-163');
insert into PostOffice (oid, postCode, nameEn, nameBn, thanaOid) values ('Post-426','3631','Pak Shrirampur','Pak Shrirampur','Thana-163');
insert into PostOffice (oid, postCode, nameEn, nameBn, thanaOid) values ('Post-427','3632','Rahima Nagar','Rahima Nagar','Thana-163');
insert into PostOffice (oid, postCode, nameEn, nameBn, thanaOid) values ('Post-428','3633','Shachar','Shachar','Thana-163');
insert into PostOffice (oid, postCode, nameEn, nameBn, thanaOid) values ('Post-429','3642','Kalipur','Kalipur','Thana-164');
insert into PostOffice (oid, postCode, nameEn, nameBn, thanaOid) values ('Post-43','1344','Savar Canttonment','Savar Canttonment','Thana-20');
insert into PostOffice (oid, postCode, nameEn, nameBn, thanaOid) values ('Post-430','3640','Matlobganj','Matlobganj','Thana-164');
insert into PostOffice (oid, postCode, nameEn, nameBn, thanaOid) values ('Post-431','3641','Mohanpur','Mohanpur','Thana-164');
insert into PostOffice (oid, postCode, nameEn, nameBn, thanaOid) values ('Post-432','3623','Chotoshi','Chotoshi','Thana-165');
insert into PostOffice (oid, postCode, nameEn, nameBn, thanaOid) values ('Post-433','3624','Islamia Madrasha','Islamia Madrasha','Thana-165');
insert into PostOffice (oid, postCode, nameEn, nameBn, thanaOid) values ('Post-434','3621','Khilabazar','Khilabazar','Thana-165');
insert into PostOffice (oid, postCode, nameEn, nameBn, thanaOid) values ('Post-435','3622','Pashchim Kherihar Al','Pashchim Kherihar Al','Thana-165');
insert into PostOffice (oid, postCode, nameEn, nameBn, thanaOid) values ('Post-436','3620','Shahrasti','Shahrasti','Thana-165');
insert into PostOffice (oid, postCode, nameEn, nameBn, thanaOid) values ('Post-437','4376','Anowara','Anowara','Thana-166');
insert into PostOffice (oid, postCode, nameEn, nameBn, thanaOid) values ('Post-438','4378','Battali','Battali','Thana-166');
insert into PostOffice (oid, postCode, nameEn, nameBn, thanaOid) values ('Post-439','4377','Paroikora','Paroikora','Thana-166');
insert into PostOffice (oid, postCode, nameEn, nameBn, thanaOid) values ('Post-44','1343','Saver P.A.T.C','Saver P.A.T.C','Thana-20');
insert into PostOffice (oid, postCode, nameEn, nameBn, thanaOid) values ('Post-440','4366','Boalkhali','Boalkhali','Thana-167');
insert into PostOffice (oid, postCode, nameEn, nameBn, thanaOid) values ('Post-441','4369','Charandwip','Charandwip','Thana-167');
insert into PostOffice (oid, postCode, nameEn, nameBn, thanaOid) values ('Post-442','4365','Iqbal Park','Iqbal Park','Thana-167');
insert into PostOffice (oid, postCode, nameEn, nameBn, thanaOid) values ('Post-443','4368','Kadurkhal','Kadurkhal','Thana-167');
insert into PostOffice (oid, postCode, nameEn, nameBn, thanaOid) values ('Post-444','4363','Kanungopara','Kanungopara','Thana-167');
insert into PostOffice (oid, postCode, nameEn, nameBn, thanaOid) values ('Post-445','4367','Sakpura','Sakpura','Thana-167');
insert into PostOffice (oid, postCode, nameEn, nameBn, thanaOid) values ('Post-446','4364','Saroatoli','Saroatoli','Thana-167');
insert into PostOffice (oid, postCode, nameEn, nameBn, thanaOid) values ('Post-447','4221','Al- Amin Baria Madra','Al- Amin Baria Madra','Thana-168');
insert into PostOffice (oid, postCode, nameEn, nameBn, thanaOid) values ('Post-448','4211','Amin Jute Mills','Amin Jute Mills','Thana-168');
insert into PostOffice (oid, postCode, nameEn, nameBn, thanaOid) values ('Post-449','4215','Anandabazar','Anandabazar','Thana-168');
insert into PostOffice (oid, postCode, nameEn, nameBn, thanaOid) values ('Post-45','1345','Shimulia','Shimulia','Thana-20');
insert into PostOffice (oid, postCode, nameEn, nameBn, thanaOid) values ('Post-450','4210','Bayezid Bostami','Bayezid Bostami','Thana-168');
insert into PostOffice (oid, postCode, nameEn, nameBn, thanaOid) values ('Post-451','4212','Chandgaon','Chandgaon','Thana-168');
insert into PostOffice (oid, postCode, nameEn, nameBn, thanaOid) values ('Post-452','4203','Chawkbazar','Chawkbazar','Thana-168');
insert into PostOffice (oid, postCode, nameEn, nameBn, thanaOid) values ('Post-453','4220','Chitt. Cantonment','Chitt. Cantonment','Thana-168');
insert into PostOffice (oid, postCode, nameEn, nameBn, thanaOid) values ('Post-454','4219','Chitt. Customs Acca','Chitt. Customs Acca','Thana-168');
insert into PostOffice (oid, postCode, nameEn, nameBn, thanaOid) values ('Post-455','4209','Chitt. Politechnic In','Chitt. Politechnic In','Thana-168');
insert into PostOffice (oid, postCode, nameEn, nameBn, thanaOid) values ('Post-456','4218','Chitt. Sailers Colon','Chitt. Sailers Colon','Thana-168');
insert into PostOffice (oid, postCode, nameEn, nameBn, thanaOid) values ('Post-457','4205','Chittagong Airport','Chittagong Airport','Thana-168');
insert into PostOffice (oid, postCode, nameEn, nameBn, thanaOid) values ('Post-458','4100','Chittagong Bandar','Chittagong Bandar','Thana-168');
insert into PostOffice (oid, postCode, nameEn, nameBn, thanaOid) values ('Post-459','4000','Chittagong GPO','Chittagong GPO','Thana-168');
insert into PostOffice (oid, postCode, nameEn, nameBn, thanaOid) values ('Post-46','1100','Dhaka Sadar HO','Dhaka Sadar HO','Thana-21');
insert into PostOffice (oid, postCode, nameEn, nameBn, thanaOid) values ('Post-460','4223','Export Processing','Export Processing','Thana-168');
insert into PostOffice (oid, postCode, nameEn, nameBn, thanaOid) values ('Post-461','4207','Firozshah','Firozshah','Thana-168');
insert into PostOffice (oid, postCode, nameEn, nameBn, thanaOid) values ('Post-462','4216','Halishahar','Halishahar','Thana-168');
insert into PostOffice (oid, postCode, nameEn, nameBn, thanaOid) values ('Post-463','4225','Halishshar','Halishshar','Thana-168');
insert into PostOffice (oid, postCode, nameEn, nameBn, thanaOid) values ('Post-464','4214','Jalalabad','Jalalabad','Thana-168');
insert into PostOffice (oid, postCode, nameEn, nameBn, thanaOid) values ('Post-465','4206','Jaldia Merine Accade','Jaldia Merine Accade','Thana-168');
insert into PostOffice (oid, postCode, nameEn, nameBn, thanaOid) values ('Post-466','4222','Middle Patenga','Middle Patenga','Thana-168');
insert into PostOffice (oid, postCode, nameEn, nameBn, thanaOid) values ('Post-467','4208','Mohard','Mohard','Thana-168');
insert into PostOffice (oid, postCode, nameEn, nameBn, thanaOid) values ('Post-468','4226','North Halishahar','North Halishahar','Thana-168');
insert into PostOffice (oid, postCode, nameEn, nameBn, thanaOid) values ('Post-469','4217','North Katuli','North Katuli','Thana-168');
insert into PostOffice (oid, postCode, nameEn, nameBn, thanaOid) values ('Post-47','1204','Gendaria TSO','Gendaria TSO','Thana-21');
insert into PostOffice (oid, postCode, nameEn, nameBn, thanaOid) values ('Post-470','4202','Pahartoli','Pahartoli','Thana-168');
insert into PostOffice (oid, postCode, nameEn, nameBn, thanaOid) values ('Post-471','4204','Patenga','Patenga','Thana-168');
insert into PostOffice (oid, postCode, nameEn, nameBn, thanaOid) values ('Post-472','4224','Rampura TSO','Rampura TSO','Thana-168');
insert into PostOffice (oid, postCode, nameEn, nameBn, thanaOid) values ('Post-473','4213','Wazedia','Wazedia','Thana-168');
insert into PostOffice (oid, postCode, nameEn, nameBn, thanaOid) values ('Post-474','4383','Barma','Barma','Thana-169');
insert into PostOffice (oid, postCode, nameEn, nameBn, thanaOid) values ('Post-475','4382','Dohazari','Dohazari','Thana-169');
insert into PostOffice (oid, postCode, nameEn, nameBn, thanaOid) values ('Post-476','4380','East Joara','East Joara','Thana-169');
insert into PostOffice (oid, postCode, nameEn, nameBn, thanaOid) values ('Post-477','4381','Gachbaria','Gachbaria','Thana-169');
insert into PostOffice (oid, postCode, nameEn, nameBn, thanaOid) values ('Post-478','4352','Bhandar Sharif','Bhandar Sharif','Thana-170');
insert into PostOffice (oid, postCode, nameEn, nameBn, thanaOid) values ('Post-479','4350','Fatikchhari','Fatikchhari','Thana-170');
insert into PostOffice (oid, postCode, nameEn, nameBn, thanaOid) values ('Post-48','1203','Wari TSO','Wari TSO','Thana-21');
insert into PostOffice (oid, postCode, nameEn, nameBn, thanaOid) values ('Post-480','4354','Harualchhari','Harualchhari','Thana-170');
insert into PostOffice (oid, postCode, nameEn, nameBn, thanaOid) values ('Post-481','4353','Najirhat','Najirhat','Thana-170');
insert into PostOffice (oid, postCode, nameEn, nameBn, thanaOid) values ('Post-482','4351','Nanupur','Nanupur','Thana-170');
insert into PostOffice (oid, postCode, nameEn, nameBn, thanaOid) values ('Post-483','4355','Narayanhat','Narayanhat','Thana-170');
insert into PostOffice (oid, postCode, nameEn, nameBn, thanaOid) values ('Post-484','4331','Chitt.University','Chitt.University','Thana-171');
insert into PostOffice (oid, postCode, nameEn, nameBn, thanaOid) values ('Post-485','4335','Fatahabad','Fatahabad','Thana-171');
insert into PostOffice (oid, postCode, nameEn, nameBn, thanaOid) values ('Post-486','4332','Gorduara','Gorduara','Thana-171');
insert into PostOffice (oid, postCode, nameEn, nameBn, thanaOid) values ('Post-487','4330','Hathazari','Hathazari','Thana-171');
insert into PostOffice (oid, postCode, nameEn, nameBn, thanaOid) values ('Post-488','4333','Katirhat','Katirhat','Thana-171');
insert into PostOffice (oid, postCode, nameEn, nameBn, thanaOid) values ('Post-489','4339','Madrasa','Madrasa','Thana-171');
insert into PostOffice (oid, postCode, nameEn, nameBn, thanaOid) values ('Post-49','1215','Tejgaon TSO','Tejgaon TSO','Thana-22');
insert into PostOffice (oid, postCode, nameEn, nameBn, thanaOid) values ('Post-490','4334','Mirzapur','Mirzapur','Thana-171');
insert into PostOffice (oid, postCode, nameEn, nameBn, thanaOid) values ('Post-491','4337','Nuralibari','Nuralibari','Thana-171');
insert into PostOffice (oid, postCode, nameEn, nameBn, thanaOid) values ('Post-492','4338','Yunus Nagar','Yunus Nagar','Thana-171');
insert into PostOffice (oid, postCode, nameEn, nameBn, thanaOid) values ('Post-493','4393','Banigram','Banigram','Thana-172');
insert into PostOffice (oid, postCode, nameEn, nameBn, thanaOid) values ('Post-494','4392','Gunagari','Gunagari','Thana-172');
insert into PostOffice (oid, postCode, nameEn, nameBn, thanaOid) values ('Post-495','4390','Jaldi','Jaldi','Thana-172');
insert into PostOffice (oid, postCode, nameEn, nameBn, thanaOid) values ('Post-496','4391','Khan Bahadur','Khan Bahadur','Thana-172');
insert into PostOffice (oid, postCode, nameEn, nameBn, thanaOid) values ('Post-497','4398','Chunti','Chunti','Thana-173');
insert into PostOffice (oid, postCode, nameEn, nameBn, thanaOid) values ('Post-498','4396','Lohagara','Lohagara','Thana-173');
insert into PostOffice (oid, postCode, nameEn, nameBn, thanaOid) values ('Post-499','4397','Padua','Padua','Thana-173');
insert into PostOffice (oid, postCode, nameEn, nameBn, thanaOid) values ('Post-5','1350','Dhamrai','Dhamrai','Thana-3');
insert into PostOffice (oid, postCode, nameEn, nameBn, thanaOid) values ('Post-50','1208','Dhaka Politechnic','Dhaka Politechnic','Thana-23');
insert into PostOffice (oid, postCode, nameEn, nameBn, thanaOid) values ('Post-500','4321','Abutorab','Abutorab','Thana-174');
insert into PostOffice (oid, postCode, nameEn, nameBn, thanaOid) values ('Post-501','4325','Azampur','Azampur','Thana-174');
insert into PostOffice (oid, postCode, nameEn, nameBn, thanaOid) values ('Post-502','4323','Bharawazhat','Bharawazhat','Thana-174');
insert into PostOffice (oid, postCode, nameEn, nameBn, thanaOid) values ('Post-503','4322','Darrogahat','Darrogahat','Thana-174');
insert into PostOffice (oid, postCode, nameEn, nameBn, thanaOid) values ('Post-504','4324','Joarganj','Joarganj','Thana-174');
insert into PostOffice (oid, postCode, nameEn, nameBn, thanaOid) values ('Post-505','4327','Korerhat','Korerhat','Thana-174');
insert into PostOffice (oid, postCode, nameEn, nameBn, thanaOid) values ('Post-506','4320','Mirsharai','Mirsharai','Thana-174');
insert into PostOffice (oid, postCode, nameEn, nameBn, thanaOid) values ('Post-507','4328','Mohazanhat','Mohazanhat','Thana-174');
insert into PostOffice (oid, postCode, nameEn, nameBn, thanaOid) values ('Post-508','4371','Budhpara','Budhpara','Thana-175');
insert into PostOffice (oid, postCode, nameEn, nameBn, thanaOid) values ('Post-509','4370','Patia Head Office','Patia Head Office','Thana-175');
insert into PostOffice (oid, postCode, nameEn, nameBn, thanaOid) values ('Post-51','1230','Uttara Model TwonTSO','Uttara Model TwonTSO','Thana-24');
insert into PostOffice (oid, postCode, nameEn, nameBn, thanaOid) values ('Post-510','4361','Dhamair','Dhamair','Thana-176');
insert into PostOffice (oid, postCode, nameEn, nameBn, thanaOid) values ('Post-511','4360','Rangunia','Rangunia','Thana-176');
insert into PostOffice (oid, postCode, nameEn, nameBn, thanaOid) values ('Post-512','4349','B.I.T Post Office','B.I.T Post Office','Thana-177');
insert into PostOffice (oid, postCode, nameEn, nameBn, thanaOid) values ('Post-513','4341','Beenajuri','Beenajuri','Thana-177');
insert into PostOffice (oid, postCode, nameEn, nameBn, thanaOid) values ('Post-514','4347','Dewanpur','Dewanpur','Thana-177');
insert into PostOffice (oid, postCode, nameEn, nameBn, thanaOid) values ('Post-515','4345','Fatepur','Fatepur','Thana-177');
insert into PostOffice (oid, postCode, nameEn, nameBn, thanaOid) values ('Post-516','4343','Gahira','Gahira','Thana-177');
insert into PostOffice (oid, postCode, nameEn, nameBn, thanaOid) values ('Post-517','4346','Guzra Noapara','Guzra Noapara','Thana-177');
insert into PostOffice (oid, postCode, nameEn, nameBn, thanaOid) values ('Post-518','4344','jagannath Hat','jagannath Hat','Thana-177');
insert into PostOffice (oid, postCode, nameEn, nameBn, thanaOid) values ('Post-519','4342','Kundeshwari','Kundeshwari','Thana-177');
insert into PostOffice (oid, postCode, nameEn, nameBn, thanaOid) values ('Post-52','7870','Alfadanga','Alfadanga','Thana-25');
insert into PostOffice (oid, postCode, nameEn, nameBn, thanaOid) values ('Post-520','4348','Mohamuni','Mohamuni','Thana-177');
insert into PostOffice (oid, postCode, nameEn, nameBn, thanaOid) values ('Post-521','4340','Rouzan','Rouzan','Thana-177');
insert into PostOffice (oid, postCode, nameEn, nameBn, thanaOid) values ('Post-522','4300','Sandwip','Sandwip','Thana-178');
insert into PostOffice (oid, postCode, nameEn, nameBn, thanaOid) values ('Post-523','4301','Shiberhat','Shiberhat','Thana-178');
insert into PostOffice (oid, postCode, nameEn, nameBn, thanaOid) values ('Post-524','4302','Urirchar','Urirchar','Thana-178');
insert into PostOffice (oid, postCode, nameEn, nameBn, thanaOid) values ('Post-525','4387','Baitul Ijjat','Baitul Ijjat','Thana-179');
insert into PostOffice (oid, postCode, nameEn, nameBn, thanaOid) values ('Post-526','4388','Bazalia','Bazalia','Thana-179');
insert into PostOffice (oid, postCode, nameEn, nameBn, thanaOid) values ('Post-527','4386','Satkania','Satkania','Thana-179');
insert into PostOffice (oid, postCode, nameEn, nameBn, thanaOid) values ('Post-528','4312','Barabkunda','Barabkunda','Thana-180');
insert into PostOffice (oid, postCode, nameEn, nameBn, thanaOid) values ('Post-529','4311','Baroidhala','Baroidhala','Thana-180');
insert into PostOffice (oid, postCode, nameEn, nameBn, thanaOid) values ('Post-53','7830','Bhanga','Bhanga','Thana-26');
insert into PostOffice (oid, postCode, nameEn, nameBn, thanaOid) values ('Post-530','4313','Bawashbaria','Bawashbaria','Thana-180');
insert into PostOffice (oid, postCode, nameEn, nameBn, thanaOid) values ('Post-531','4315','Bhatiari','Bhatiari','Thana-180');
insert into PostOffice (oid, postCode, nameEn, nameBn, thanaOid) values ('Post-532','4316','Fouzdarhat','Fouzdarhat','Thana-180');
insert into PostOffice (oid, postCode, nameEn, nameBn, thanaOid) values ('Post-533','4317','Jafrabad','Jafrabad','Thana-180');
insert into PostOffice (oid, postCode, nameEn, nameBn, thanaOid) values ('Post-534','4314','Kumira','Kumira','Thana-180');
insert into PostOffice (oid, postCode, nameEn, nameBn, thanaOid) values ('Post-535','4310','Sitakunda','Sitakunda','Thana-180');
insert into PostOffice (oid, postCode, nameEn, nameBn, thanaOid) values ('Post-536','3560','Barura','Barura','Thana-181');
insert into PostOffice (oid, postCode, nameEn, nameBn, thanaOid) values ('Post-537','3562','Murdafarganj','Murdafarganj','Thana-181');
insert into PostOffice (oid, postCode, nameEn, nameBn, thanaOid) values ('Post-538','3561','Poyalgachha','Poyalgachha','Thana-181');
insert into PostOffice (oid, postCode, nameEn, nameBn, thanaOid) values ('Post-539','3526','Brahmanpara','Brahmanpara','Thana-182');
insert into PostOffice (oid, postCode, nameEn, nameBn, thanaOid) values ('Post-54','7860','Boalmari','Boalmari','Thana-27');
insert into PostOffice (oid, postCode, nameEn, nameBn, thanaOid) values ('Post-540','3520','Burichang','Burichang','Thana-183');
insert into PostOffice (oid, postCode, nameEn, nameBn, thanaOid) values ('Post-541','3521','Maynamoti bazar','Maynamoti bazar','Thana-183');
insert into PostOffice (oid, postCode, nameEn, nameBn, thanaOid) values ('Post-542','3510','Chandia','Chandia','Thana-184');
insert into PostOffice (oid, postCode, nameEn, nameBn, thanaOid) values ('Post-543','3511','Madhaiabazar','Madhaiabazar','Thana-184');
insert into PostOffice (oid, postCode, nameEn, nameBn, thanaOid) values ('Post-544','3551','Batisa','Batisa','Thana-185');
insert into PostOffice (oid, postCode, nameEn, nameBn, thanaOid) values ('Post-545','3552','Chiora','Chiora','Thana-185');
insert into PostOffice (oid, postCode, nameEn, nameBn, thanaOid) values ('Post-546','3550','Chouddagram','Chouddagram','Thana-185');
insert into PostOffice (oid, postCode, nameEn, nameBn, thanaOid) values ('Post-547','3501','Comilla Contoment','Comilla Contoment','Thana-186');
insert into PostOffice (oid, postCode, nameEn, nameBn, thanaOid) values ('Post-548','3500','Comilla Sadar','Comilla Sadar','Thana-186');
insert into PostOffice (oid, postCode, nameEn, nameBn, thanaOid) values ('Post-549','3503','Courtbari','Courtbari','Thana-186');
insert into PostOffice (oid, postCode, nameEn, nameBn, thanaOid) values ('Post-55','7861','Rupatpat','Rupatpat','Thana-27');
insert into PostOffice (oid, postCode, nameEn, nameBn, thanaOid) values ('Post-550','3502','Halimanagar','Halimanagar','Thana-186');
insert into PostOffice (oid, postCode, nameEn, nameBn, thanaOid) values ('Post-551','3504','Suaganj','Suaganj','Thana-186');
insert into PostOffice (oid, postCode, nameEn, nameBn, thanaOid) values ('Post-552','3518','Dashpara','Dashpara','Thana-187');
insert into PostOffice (oid, postCode, nameEn, nameBn, thanaOid) values ('Post-553','3516','Daudkandi','Daudkandi','Thana-187');
insert into PostOffice (oid, postCode, nameEn, nameBn, thanaOid) values ('Post-554','3519','Eliotganj','Eliotganj','Thana-187');
insert into PostOffice (oid, postCode, nameEn, nameBn, thanaOid) values ('Post-555','3517','Gouripur','Gouripur','Thana-187');
insert into PostOffice (oid, postCode, nameEn, nameBn, thanaOid) values ('Post-556','3532','Barashalghar','Barashalghar','Thana-188');
insert into PostOffice (oid, postCode, nameEn, nameBn, thanaOid) values ('Post-557','3530','Davidhar','Davidhar','Thana-188');
insert into PostOffice (oid, postCode, nameEn, nameBn, thanaOid) values ('Post-558','3533','Dhamtee','Dhamtee','Thana-188');
insert into PostOffice (oid, postCode, nameEn, nameBn, thanaOid) values ('Post-559','3531','Gangamandal','Gangamandal','Thana-188');
insert into PostOffice (oid, postCode, nameEn, nameBn, thanaOid) values ('Post-56','7810','Charbadrashan','Charbadrashan','Thana-28');
insert into PostOffice (oid, postCode, nameEn, nameBn, thanaOid) values ('Post-560','3546','Homna','Homna','Thana-189');
insert into PostOffice (oid, postCode, nameEn, nameBn, thanaOid) values ('Post-561','3572','Bipulasar','Bipulasar','Thana-190');
insert into PostOffice (oid, postCode, nameEn, nameBn, thanaOid) values ('Post-562','3570','Laksam','Laksam','Thana-190');
insert into PostOffice (oid, postCode, nameEn, nameBn, thanaOid) values ('Post-563','3571','Lakshamanpur','Lakshamanpur','Thana-190');
insert into PostOffice (oid, postCode, nameEn, nameBn, thanaOid) values ('Post-564','3582','Chhariabazar','Chhariabazar','Thana-191');
insert into PostOffice (oid, postCode, nameEn, nameBn, thanaOid) values ('Post-565','3581','Dhalua','Dhalua','Thana-191');
insert into PostOffice (oid, postCode, nameEn, nameBn, thanaOid) values ('Post-566','3583','Gunabati','Gunabati','Thana-191');
insert into PostOffice (oid, postCode, nameEn, nameBn, thanaOid) values ('Post-567','3580','Langalkot','Langalkot','Thana-191');
insert into PostOffice (oid, postCode, nameEn, nameBn, thanaOid) values ('Post-568','3543','Bangra','Bangra','Thana-192');
insert into PostOffice (oid, postCode, nameEn, nameBn, thanaOid) values ('Post-569','3542','Companyganj','Companyganj','Thana-192');
insert into PostOffice (oid, postCode, nameEn, nameBn, thanaOid) values ('Post-57','7802','Ambikapur','Ambikapur','Thana-29');
insert into PostOffice (oid, postCode, nameEn, nameBn, thanaOid) values ('Post-570','3540','Muradnagar','Muradnagar','Thana-192');
insert into PostOffice (oid, postCode, nameEn, nameBn, thanaOid) values ('Post-571','3545','Pantibazar','Pantibazar','Thana-192');
insert into PostOffice (oid, postCode, nameEn, nameBn, thanaOid) values ('Post-572','3541','Ramchandarpur','Ramchandarpur','Thana-192');
insert into PostOffice (oid, postCode, nameEn, nameBn, thanaOid) values ('Post-573','3544','Sonakanda','Sonakanda','Thana-192');
insert into PostOffice (oid, postCode, nameEn, nameBn, thanaOid) values ('Post-574','4742','Badarkali','Badarkali','Thana-193');
insert into PostOffice (oid, postCode, nameEn, nameBn, thanaOid) values ('Post-575','4740','Chiringga','Chiringga','Thana-193');
insert into PostOffice (oid, postCode, nameEn, nameBn, thanaOid) values ('Post-576','4741','Chiringga S.O','Chiringga S.O','Thana-193');
insert into PostOffice (oid, postCode, nameEn, nameBn, thanaOid) values ('Post-577','4743','Malumghat','Malumghat','Thana-193');
insert into PostOffice (oid, postCode, nameEn, nameBn, thanaOid) values ('Post-578','4700','Coxs Bazar Sadar','Coxs Bazar Sadar','Thana-194');
insert into PostOffice (oid, postCode, nameEn, nameBn, thanaOid) values ('Post-579','4702','Eidga','Eidga','Thana-194');
insert into PostOffice (oid, postCode, nameEn, nameBn, thanaOid) values ('Post-58','7803','Baitulaman Politecni','Baitulaman Politecni','Thana-29');
insert into PostOffice (oid, postCode, nameEn, nameBn, thanaOid) values ('Post-580','4701','Zhilanja','Zhilanja','Thana-194');
insert into PostOffice (oid, postCode, nameEn, nameBn, thanaOid) values ('Post-581','4710','Gorakghat','Gorakghat','Thana-195');
insert into PostOffice (oid, postCode, nameEn, nameBn, thanaOid) values ('Post-582','4720','Kutubdia','Kutubdia','Thana-196');
insert into PostOffice (oid, postCode, nameEn, nameBn, thanaOid) values ('Post-583','4730','Ramu','Ramu','Thana-197');
insert into PostOffice (oid, postCode, nameEn, nameBn, thanaOid) values ('Post-584','4761','Hnila','Hnila','Thana-198');
insert into PostOffice (oid, postCode, nameEn, nameBn, thanaOid) values ('Post-585','4762','St.Martin','St.Martin','Thana-198');
insert into PostOffice (oid, postCode, nameEn, nameBn, thanaOid) values ('Post-586','4760','Teknaf','Teknaf','Thana-198');
insert into PostOffice (oid, postCode, nameEn, nameBn, thanaOid) values ('Post-587','4750','Ukhia','Ukhia','Thana-199');
insert into PostOffice (oid, postCode, nameEn, nameBn, thanaOid) values ('Post-588','3910','Chhagalnaia','Chhagalnaia','Thana-200');
insert into PostOffice (oid, postCode, nameEn, nameBn, thanaOid) values ('Post-589','3912','Daraga Hat','Daraga Hat','Thana-200');
insert into PostOffice (oid, postCode, nameEn, nameBn, thanaOid) values ('Post-59','7800','Faridpursadar','Faridpursadar','Thana-29');
insert into PostOffice (oid, postCode, nameEn, nameBn, thanaOid) values ('Post-590','3911','Maharajganj','Maharajganj','Thana-200');
insert into PostOffice (oid, postCode, nameEn, nameBn, thanaOid) values ('Post-591','3913','Puabashimulia','Puabashimulia','Thana-200');
insert into PostOffice (oid, postCode, nameEn, nameBn, thanaOid) values ('Post-592','3922','Chhilonia','Chhilonia','Thana-201');
insert into PostOffice (oid, postCode, nameEn, nameBn, thanaOid) values ('Post-593','3920','Dagondhuia','Dagondhuia','Thana-201');
insert into PostOffice (oid, postCode, nameEn, nameBn, thanaOid) values ('Post-594','3921','Dudmukha','Dudmukha','Thana-201');
insert into PostOffice (oid, postCode, nameEn, nameBn, thanaOid) values ('Post-595','3923','Rajapur','Rajapur','Thana-201');
insert into PostOffice (oid, postCode, nameEn, nameBn, thanaOid) values ('Post-596','3901','Fazilpur','Fazilpur','Thana-202');
insert into PostOffice (oid, postCode, nameEn, nameBn, thanaOid) values ('Post-597','3900','Feni Sadar','Feni Sadar','Thana-202');
insert into PostOffice (oid, postCode, nameEn, nameBn, thanaOid) values ('Post-598','3903','Laskarhat','Laskarhat','Thana-202');
insert into PostOffice (oid, postCode, nameEn, nameBn, thanaOid) values ('Post-599','3902','Sharshadie','Sharshadie','Thana-202');
insert into PostOffice (oid, postCode, nameEn, nameBn, thanaOid) values ('Post-6','1351','Kamalpur','Kamalpur','Thana-3');
insert into PostOffice (oid, postCode, nameEn, nameBn, thanaOid) values ('Post-60','7801','Kanaipur','Kanaipur','Thana-29');
insert into PostOffice (oid, postCode, nameEn, nameBn, thanaOid) values ('Post-600','3942','Fulgazi','Fulgazi','Thana-203');
insert into PostOffice (oid, postCode, nameEn, nameBn, thanaOid) values ('Post-601','3943','Munshirhat','Munshirhat','Thana-203');
insert into PostOffice (oid, postCode, nameEn, nameBn, thanaOid) values ('Post-602','3940','Pashurampur','Pashurampur','Thana-203');
insert into PostOffice (oid, postCode, nameEn, nameBn, thanaOid) values ('Post-603','3941','Shuarbazar','Shuarbazar','Thana-203');
insert into PostOffice (oid, postCode, nameEn, nameBn, thanaOid) values ('Post-604','3932','Ahmadpur','Ahmadpur','Thana-204');
insert into PostOffice (oid, postCode, nameEn, nameBn, thanaOid) values ('Post-605','3933','Kazirhat','Kazirhat','Thana-204');
insert into PostOffice (oid, postCode, nameEn, nameBn, thanaOid) values ('Post-606','3931','Motiganj','Motiganj','Thana-204');
insert into PostOffice (oid, postCode, nameEn, nameBn, thanaOid) values ('Post-607','3930','Sonagazi','Sonagazi','Thana-204');
insert into PostOffice (oid, postCode, nameEn, nameBn, thanaOid) values ('Post-608','4420','Diginala','Diginala','Thana-205');
insert into PostOffice (oid, postCode, nameEn, nameBn, thanaOid) values ('Post-609','4400','Khagrachari Sadar','Khagrachari Sadar','Thana-206');
insert into PostOffice (oid, postCode, nameEn, nameBn, thanaOid) values ('Post-61','7851','Kamarkali','Kamarkali','Thana-30');
insert into PostOffice (oid, postCode, nameEn, nameBn, thanaOid) values ('Post-610','4470','Laxmichhari','Laxmichhari','Thana-207');
insert into PostOffice (oid, postCode, nameEn, nameBn, thanaOid) values ('Post-611','4430','Mahalchhari','Mahalchhari','Thana-208');
insert into PostOffice (oid, postCode, nameEn, nameBn, thanaOid) values ('Post-612','4460','Manikchhari','Manikchhari','Thana-209');
insert into PostOffice (oid, postCode, nameEn, nameBn, thanaOid) values ('Post-613','4450','Matiranga','Matiranga','Thana-210');
insert into PostOffice (oid, postCode, nameEn, nameBn, thanaOid) values ('Post-614','4410','Panchhari','Panchhari','Thana-211');
insert into PostOffice (oid, postCode, nameEn, nameBn, thanaOid) values ('Post-615','4440','Ramghar Head Office','Ramghar Head Office','Thana-212');
insert into PostOffice (oid, postCode, nameEn, nameBn, thanaOid) values ('Post-616','3730','Char Alexgander','Char Alexgander','Thana-213');
insert into PostOffice (oid, postCode, nameEn, nameBn, thanaOid) values ('Post-617','3731','Hajirghat','Hajirghat','Thana-213');
insert into PostOffice (oid, postCode, nameEn, nameBn, thanaOid) values ('Post-618','3732','Ramgatirhat','Ramgatirhat','Thana-213');
insert into PostOffice (oid, postCode, nameEn, nameBn, thanaOid) values ('Post-619','3709','Amani Lakshimpur','Amani Lakshimpur','Thana-214');
insert into PostOffice (oid, postCode, nameEn, nameBn, thanaOid) values ('Post-62','7850','Madukhali','Madukhali','Thana-30');
insert into PostOffice (oid, postCode, nameEn, nameBn, thanaOid) values ('Post-620','3702','Bhabaniganj','Bhabaniganj','Thana-214');
insert into PostOffice (oid, postCode, nameEn, nameBn, thanaOid) values ('Post-621','3708','Chandraganj','Chandraganj','Thana-214');
insert into PostOffice (oid, postCode, nameEn, nameBn, thanaOid) values ('Post-622','3707','Choupalli','Choupalli','Thana-214');
insert into PostOffice (oid, postCode, nameEn, nameBn, thanaOid) values ('Post-623','3701','Dalal Bazar','Dalal Bazar','Thana-214');
insert into PostOffice (oid, postCode, nameEn, nameBn, thanaOid) values ('Post-624','3706','Duttapara','Duttapara','Thana-214');
insert into PostOffice (oid, postCode, nameEn, nameBn, thanaOid) values ('Post-625','3704','Keramatganj','Keramatganj','Thana-214');
insert into PostOffice (oid, postCode, nameEn, nameBn, thanaOid) values ('Post-626','3700','Lakshimpur Sadar','Lakshimpur Sadar','Thana-214');
insert into PostOffice (oid, postCode, nameEn, nameBn, thanaOid) values ('Post-627','3703','Mandari','Mandari','Thana-214');
insert into PostOffice (oid, postCode, nameEn, nameBn, thanaOid) values ('Post-628','3705','Rupchara','Rupchara','Thana-214');
insert into PostOffice (oid, postCode, nameEn, nameBn, thanaOid) values ('Post-629','3721','Alipur','Alipur','Thana-215');
insert into PostOffice (oid, postCode, nameEn, nameBn, thanaOid) values ('Post-63','7840','Nagarkanda','Nagarkanda','Thana-31');
insert into PostOffice (oid, postCode, nameEn, nameBn, thanaOid) values ('Post-630','3725','Dolta','Dolta','Thana-215');
insert into PostOffice (oid, postCode, nameEn, nameBn, thanaOid) values ('Post-631','3723','Kanchanpur','Kanchanpur','Thana-215');
insert into PostOffice (oid, postCode, nameEn, nameBn, thanaOid) values ('Post-632','3724','Naagmud','Naagmud','Thana-215');
insert into PostOffice (oid, postCode, nameEn, nameBn, thanaOid) values ('Post-633','3722','Panpara','Panpara','Thana-215');
insert into PostOffice (oid, postCode, nameEn, nameBn, thanaOid) values ('Post-634','3720','Ramganj','Ramganj','Thana-215');
insert into PostOffice (oid, postCode, nameEn, nameBn, thanaOid) values ('Post-635','3714','Bhuabari','Bhuabari','Thana-216');
insert into PostOffice (oid, postCode, nameEn, nameBn, thanaOid) values ('Post-636','3713','Haydarganj','Haydarganj','Thana-216');
insert into PostOffice (oid, postCode, nameEn, nameBn, thanaOid) values ('Post-637','3712','Nagerdighirpar','Nagerdighirpar','Thana-216');
insert into PostOffice (oid, postCode, nameEn, nameBn, thanaOid) values ('Post-638','3711','Rakhallia','Rakhallia','Thana-216');
insert into PostOffice (oid, postCode, nameEn, nameBn, thanaOid) values ('Post-639','3710','Raypur','Raypur','Thana-216');
insert into PostOffice (oid, postCode, nameEn, nameBn, thanaOid) values ('Post-64','7841','Talma','Talma','Thana-31');
insert into PostOffice (oid, postCode, nameEn, nameBn, thanaOid) values ('Post-640','3850','Basur Hat','Basur Hat','Thana-217');
insert into PostOffice (oid, postCode, nameEn, nameBn, thanaOid) values ('Post-641','3851','Charhajari','Charhajari','Thana-217');
insert into PostOffice (oid, postCode, nameEn, nameBn, thanaOid) values ('Post-642','3831','Alaiarpur','Alaiarpur','Thana-218');
insert into PostOffice (oid, postCode, nameEn, nameBn, thanaOid) values ('Post-643','3847','Amisha Para','Amisha Para','Thana-218');
insert into PostOffice (oid, postCode, nameEn, nameBn, thanaOid) values ('Post-644','3822','Banglabazar','Banglabazar','Thana-218');
insert into PostOffice (oid, postCode, nameEn, nameBn, thanaOid) values ('Post-645','3824','Bazra','Bazra','Thana-218');
insert into PostOffice (oid, postCode, nameEn, nameBn, thanaOid) values ('Post-646','3820','Begumganj','Begumganj','Thana-218');
insert into PostOffice (oid, postCode, nameEn, nameBn, thanaOid) values ('Post-647','3837','Bhabani Jibanpur','Bhabani Jibanpur','Thana-218');
insert into PostOffice (oid, postCode, nameEn, nameBn, thanaOid) values ('Post-648','3821','Choumohani','Choumohani','Thana-218');
insert into PostOffice (oid, postCode, nameEn, nameBn, thanaOid) values ('Post-649','3843','Dauti','Dauti','Thana-218');
insert into PostOffice (oid, postCode, nameEn, nameBn, thanaOid) values ('Post-65','7822','Bishwa jaker Manjil','Bishwa jaker Manjil','Thana-32');
insert into PostOffice (oid, postCode, nameEn, nameBn, thanaOid) values ('Post-650','3848','Durgapur','Durgapur','Thana-218');
insert into PostOffice (oid, postCode, nameEn, nameBn, thanaOid) values ('Post-651','3828','Gopalpur','Gopalpur','Thana-218');
insert into PostOffice (oid, postCode, nameEn, nameBn, thanaOid) values ('Post-652','3825','Jamidar Hat','Jamidar Hat','Thana-218');
insert into PostOffice (oid, postCode, nameEn, nameBn, thanaOid) values ('Post-653','3844','Joyag','Joyag','Thana-218');
insert into PostOffice (oid, postCode, nameEn, nameBn, thanaOid) values ('Post-654','3829','Joynarayanpur','Joynarayanpur','Thana-218');
insert into PostOffice (oid, postCode, nameEn, nameBn, thanaOid) values ('Post-655','3833','Khalafat Bazar','Khalafat Bazar','Thana-218');
insert into PostOffice (oid, postCode, nameEn, nameBn, thanaOid) values ('Post-656','3842','Khalishpur','Khalishpur','Thana-218');
insert into PostOffice (oid, postCode, nameEn, nameBn, thanaOid) values ('Post-657','3838','Maheshganj','Maheshganj','Thana-218');
insert into PostOffice (oid, postCode, nameEn, nameBn, thanaOid) values ('Post-658','3823','Mir Owarishpur','Mir Owarishpur','Thana-218');
insert into PostOffice (oid, postCode, nameEn, nameBn, thanaOid) values ('Post-659','3839','Nadona','Nadona','Thana-218');
insert into PostOffice (oid, postCode, nameEn, nameBn, thanaOid) values ('Post-66','7821','Hat Krishapur','Hat Krishapur','Thana-32');
insert into PostOffice (oid, postCode, nameEn, nameBn, thanaOid) values ('Post-660','3841','Nandiapara','Nandiapara','Thana-218');
insert into PostOffice (oid, postCode, nameEn, nameBn, thanaOid) values ('Post-661','3835','Oachhekpur','Oachhekpur','Thana-218');
insert into PostOffice (oid, postCode, nameEn, nameBn, thanaOid) values ('Post-662','3834','Rajganj','Rajganj','Thana-218');
insert into PostOffice (oid, postCode, nameEn, nameBn, thanaOid) values ('Post-663','3827','Sonaimuri','Sonaimuri','Thana-218');
insert into PostOffice (oid, postCode, nameEn, nameBn, thanaOid) values ('Post-664','3832','Tangirpar','Tangirpar','Thana-218');
insert into PostOffice (oid, postCode, nameEn, nameBn, thanaOid) values ('Post-665','3845','Thanar Hat','Thanar Hat','Thana-218');
insert into PostOffice (oid, postCode, nameEn, nameBn, thanaOid) values ('Post-666','3879','Bansa Bazar','Bansa Bazar','Thana-219');
insert into PostOffice (oid, postCode, nameEn, nameBn, thanaOid) values ('Post-667','3873','Bodalcourt','Bodalcourt','Thana-219');
insert into PostOffice (oid, postCode, nameEn, nameBn, thanaOid) values ('Post-668','3870','Chatkhil','Chatkhil','Thana-219');
insert into PostOffice (oid, postCode, nameEn, nameBn, thanaOid) values ('Post-669','3878','Dosh Gharia','Dosh Gharia','Thana-219');
insert into PostOffice (oid, postCode, nameEn, nameBn, thanaOid) values ('Post-67','7820','Sadarpur','Sadarpur','Thana-32');
insert into PostOffice (oid, postCode, nameEn, nameBn, thanaOid) values ('Post-670','3877','Karihati','Karihati','Thana-219');
insert into PostOffice (oid, postCode, nameEn, nameBn, thanaOid) values ('Post-671','3872','Khilpara','Khilpara','Thana-219');
insert into PostOffice (oid, postCode, nameEn, nameBn, thanaOid) values ('Post-672','3871','Palla','Palla','Thana-219');
insert into PostOffice (oid, postCode, nameEn, nameBn, thanaOid) values ('Post-673','3874','Rezzakpur','Rezzakpur','Thana-219');
insert into PostOffice (oid, postCode, nameEn, nameBn, thanaOid) values ('Post-674','3881','Sahapur','Sahapur','Thana-219');
insert into PostOffice (oid, postCode, nameEn, nameBn, thanaOid) values ('Post-675','3882','Sampara','Sampara','Thana-219');
insert into PostOffice (oid, postCode, nameEn, nameBn, thanaOid) values ('Post-676','3883','Shingbahura','Shingbahura','Thana-219');
insert into PostOffice (oid, postCode, nameEn, nameBn, thanaOid) values ('Post-677','3875','Solla','Solla','Thana-219');
insert into PostOffice (oid, postCode, nameEn, nameBn, thanaOid) values ('Post-678','3891','Afazia','Afazia','Thana-220');
insert into PostOffice (oid, postCode, nameEn, nameBn, thanaOid) values ('Post-679','3890','Hatiya','Hatiya','Thana-220');
insert into PostOffice (oid, postCode, nameEn, nameBn, thanaOid) values ('Post-68','7804','Shriangan','Shriangan','Thana-33');
insert into PostOffice (oid, postCode, nameEn, nameBn, thanaOid) values ('Post-680','3892','Tamoraddi','Tamoraddi','Thana-220');
insert into PostOffice (oid, postCode, nameEn, nameBn, thanaOid) values ('Post-681','3811','Chaprashir Hat','Chaprashir Hat','Thana-221');
insert into PostOffice (oid, postCode, nameEn, nameBn, thanaOid) values ('Post-682','3812','Char Jabbar','Char Jabbar','Thana-221');
insert into PostOffice (oid, postCode, nameEn, nameBn, thanaOid) values ('Post-683','3809','Charam Tua','Charam Tua','Thana-221');
insert into PostOffice (oid, postCode, nameEn, nameBn, thanaOid) values ('Post-684','3803','Din Monir Hat','Din Monir Hat','Thana-221');
insert into PostOffice (oid, postCode, nameEn, nameBn, thanaOid) values ('Post-685','3807','Kabirhat','Kabirhat','Thana-221');
insert into PostOffice (oid, postCode, nameEn, nameBn, thanaOid) values ('Post-686','3808','Khalifar Hat','Khalifar Hat','Thana-221');
insert into PostOffice (oid, postCode, nameEn, nameBn, thanaOid) values ('Post-687','3806','Mriddarhat','Mriddarhat','Thana-221');
insert into PostOffice (oid, postCode, nameEn, nameBn, thanaOid) values ('Post-688','3801','Noakhali College','Noakhali College','Thana-221');
insert into PostOffice (oid, postCode, nameEn, nameBn, thanaOid) values ('Post-689','3800','Noakhali Sadar','Noakhali Sadar','Thana-221');
insert into PostOffice (oid, postCode, nameEn, nameBn, thanaOid) values ('Post-69','1703','B.O.F','B.O.F','Thana-34');
insert into PostOffice (oid, postCode, nameEn, nameBn, thanaOid) values ('Post-690','3804','Pak Kishoreganj','Pak Kishoreganj','Thana-221');
insert into PostOffice (oid, postCode, nameEn, nameBn, thanaOid) values ('Post-691','3802','Sonapur','Sonapur','Thana-221');
insert into PostOffice (oid, postCode, nameEn, nameBn, thanaOid) values ('Post-692','3862','Beezbag','Beezbag','Thana-222');
insert into PostOffice (oid, postCode, nameEn, nameBn, thanaOid) values ('Post-693','3864','Chatarpaia','Chatarpaia','Thana-222');
insert into PostOffice (oid, postCode, nameEn, nameBn, thanaOid) values ('Post-694','3861','Kallyandi','Kallyandi','Thana-222');
insert into PostOffice (oid, postCode, nameEn, nameBn, thanaOid) values ('Post-695','3863','Kankirhat','Kankirhat','Thana-222');
insert into PostOffice (oid, postCode, nameEn, nameBn, thanaOid) values ('Post-696','3860','Senbag','Senbag','Thana-222');
insert into PostOffice (oid, postCode, nameEn, nameBn, thanaOid) values ('Post-697','3865','T.P. Lamua','T.P. Lamua','Thana-222');
insert into PostOffice (oid, postCode, nameEn, nameBn, thanaOid) values ('Post-698','4570','Barakal','Barakal','Thana-223');
insert into PostOffice (oid, postCode, nameEn, nameBn, thanaOid) values ('Post-699','4550','Bilaichhari','Bilaichhari','Thana-224');
insert into PostOffice (oid, postCode, nameEn, nameBn, thanaOid) values ('Post-7','1209','Jigatala TSO','Jigatala TSO','Thana-4');
insert into PostOffice (oid, postCode, nameEn, nameBn, thanaOid) values ('Post-70','1701','B.R.R','B.R.R','Thana-34');
insert into PostOffice (oid, postCode, nameEn, nameBn, thanaOid) values ('Post-700','4560','Jarachhari','Jarachhari','Thana-225');
insert into PostOffice (oid, postCode, nameEn, nameBn, thanaOid) values ('Post-701','4511','Betbunia','Betbunia','Thana-226');
insert into PostOffice (oid, postCode, nameEn, nameBn, thanaOid) values ('Post-702','4510','Kalampati','Kalampati','Thana-226');
insert into PostOffice (oid, postCode, nameEn, nameBn, thanaOid) values ('Post-703','4531','Chandraghona','Chandraghona','Thana-227');
insert into PostOffice (oid, postCode, nameEn, nameBn, thanaOid) values ('Post-704','4530','Kaptai','Kaptai','Thana-227');
insert into PostOffice (oid, postCode, nameEn, nameBn, thanaOid) values ('Post-705','4533','Kaptai Nuton Bazar','Kaptai Nuton Bazar','Thana-227');
insert into PostOffice (oid, postCode, nameEn, nameBn, thanaOid) values ('Post-706','4532','Kaptai Project','Kaptai Project','Thana-227');
insert into PostOffice (oid, postCode, nameEn, nameBn, thanaOid) values ('Post-707','4580','Longachh','Longachh','Thana-228');
insert into PostOffice (oid, postCode, nameEn, nameBn, thanaOid) values ('Post-708','4590','Marishya','Marishya','Thana-229');
insert into PostOffice (oid, postCode, nameEn, nameBn, thanaOid) values ('Post-709','4520','Nanichhar','Nanichhar','Thana-230');
insert into PostOffice (oid, postCode, nameEn, nameBn, thanaOid) values ('Post-71','1702','Chandna','Chandna','Thana-34');
insert into PostOffice (oid, postCode, nameEn, nameBn, thanaOid) values ('Post-710','4540','Rajsthali','Rajsthali','Thana-231');
insert into PostOffice (oid, postCode, nameEn, nameBn, thanaOid) values ('Post-711','4500','Rangamati Sadar','Rangamati Sadar','Thana-232');
insert into PostOffice (oid, postCode, nameEn, nameBn, thanaOid) values ('Post-712','7210','Alamdanga','Alamdanga','Thana-233');
insert into PostOffice (oid, postCode, nameEn, nameBn, thanaOid) values ('Post-713','7211','Hardi','Hardi','Thana-233');
insert into PostOffice (oid, postCode, nameEn, nameBn, thanaOid) values ('Post-714','7200','Chuadanga Sadar','Chuadanga Sadar','Thana-234');
insert into PostOffice (oid, postCode, nameEn, nameBn, thanaOid) values ('Post-715','7201','Munshiganj','Munshiganj','Thana-234');
insert into PostOffice (oid, postCode, nameEn, nameBn, thanaOid) values ('Post-716','7222','Andulbaria','Andulbaria','Thana-235');
insert into PostOffice (oid, postCode, nameEn, nameBn, thanaOid) values ('Post-717','7220','Damurhuda','Damurhuda','Thana-235');
insert into PostOffice (oid, postCode, nameEn, nameBn, thanaOid) values ('Post-718','7221','Darshana','Darshana','Thana-235');
insert into PostOffice (oid, postCode, nameEn, nameBn, thanaOid) values ('Post-719','7230','Doulatganj','Doulatganj','Thana-236');
insert into PostOffice (oid, postCode, nameEn, nameBn, thanaOid) values ('Post-72','1700','Gazipur Sadar','Gazipur Sadar','Thana-34');
insert into PostOffice (oid, postCode, nameEn, nameBn, thanaOid) values ('Post-720','9300','Bagerhat Sadar','Bagerhat Sadar','Thana-237');
insert into PostOffice (oid, postCode, nameEn, nameBn, thanaOid) values ('Post-721','9301','P.C College','P.C College','Thana-237');
insert into PostOffice (oid, postCode, nameEn, nameBn, thanaOid) values ('Post-722','9302','Rangdia','Rangdia','Thana-237');
insert into PostOffice (oid, postCode, nameEn, nameBn, thanaOid) values ('Post-723','9350','Chalna Ankorage','Chalna Ankorage','Thana-238');
insert into PostOffice (oid, postCode, nameEn, nameBn, thanaOid) values ('Post-724','9351','Mongla Port','Mongla Port','Thana-238');
insert into PostOffice (oid, postCode, nameEn, nameBn, thanaOid) values ('Post-725','9361','Barabaria','Barabaria','Thana-239');
insert into PostOffice (oid, postCode, nameEn, nameBn, thanaOid) values ('Post-726','9360','Chitalmari','Chitalmari','Thana-239');
insert into PostOffice (oid, postCode, nameEn, nameBn, thanaOid) values ('Post-727','9372','Bhanganpar Bazar','Bhanganpar Bazar','Thana-240');
insert into PostOffice (oid, postCode, nameEn, nameBn, thanaOid) values ('Post-728','9370','Fakirhat','Fakirhat','Thana-240');
insert into PostOffice (oid, postCode, nameEn, nameBn, thanaOid) values ('Post-729','9371','Mansa','Mansa','Thana-240');
insert into PostOffice (oid, postCode, nameEn, nameBn, thanaOid) values ('Post-73','1704','National University','National University','Thana-34');
insert into PostOffice (oid, postCode, nameEn, nameBn, thanaOid) values ('Post-730','9310','Kachua','Kachua','Thana-241');
insert into PostOffice (oid, postCode, nameEn, nameBn, thanaOid) values ('Post-731','9311','Sonarkola','Sonarkola','Thana-241');
insert into PostOffice (oid, postCode, nameEn, nameBn, thanaOid) values ('Post-732','9383','Charkulia','Charkulia','Thana-242');
insert into PostOffice (oid, postCode, nameEn, nameBn, thanaOid) values ('Post-733','9382','Dariala','Dariala','Thana-242');
insert into PostOffice (oid, postCode, nameEn, nameBn, thanaOid) values ('Post-734','9381','Kahalpur','Kahalpur','Thana-242');
insert into PostOffice (oid, postCode, nameEn, nameBn, thanaOid) values ('Post-735','9380','Mollahat','Mollahat','Thana-242');
insert into PostOffice (oid, postCode, nameEn, nameBn, thanaOid) values ('Post-736','9384','Nagarkandi','Nagarkandi','Thana-242');
insert into PostOffice (oid, postCode, nameEn, nameBn, thanaOid) values ('Post-737','9385','Pak Gangni','Pak Gangni','Thana-242');
insert into PostOffice (oid, postCode, nameEn, nameBn, thanaOid) values ('Post-738','9320','Morelganj','Morelganj','Thana-243');
insert into PostOffice (oid, postCode, nameEn, nameBn, thanaOid) values ('Post-739','9321','Sannasi Bazar','Sannasi Bazar','Thana-243');
insert into PostOffice (oid, postCode, nameEn, nameBn, thanaOid) values ('Post-74','1750','Kaliakaar','Kaliakaar','Thana-35');
insert into PostOffice (oid, postCode, nameEn, nameBn, thanaOid) values ('Post-740','9322','Telisatee','Telisatee','Thana-243');
insert into PostOffice (oid, postCode, nameEn, nameBn, thanaOid) values ('Post-741','9341','Foylahat','Foylahat','Thana-244');
insert into PostOffice (oid, postCode, nameEn, nameBn, thanaOid) values ('Post-742','9343','Gourambha','Gourambha','Thana-244');
insert into PostOffice (oid, postCode, nameEn, nameBn, thanaOid) values ('Post-743','9340','Rampal','Rampal','Thana-244');
insert into PostOffice (oid, postCode, nameEn, nameBn, thanaOid) values ('Post-744','9342','Sonatunia','Sonatunia','Thana-244');
insert into PostOffice (oid, postCode, nameEn, nameBn, thanaOid) values ('Post-745','9330','Rayenda','Rayenda','Thana-245');
insert into PostOffice (oid, postCode, nameEn, nameBn, thanaOid) values ('Post-746','7470','Bagharpara','Bagharpara','Thana-246');
insert into PostOffice (oid, postCode, nameEn, nameBn, thanaOid) values ('Post-747','7471','Gouranagar','Gouranagar','Thana-246');
insert into PostOffice (oid, postCode, nameEn, nameBn, thanaOid) values ('Post-748','7410','Chougachha','Chougachha','Thana-247');
insert into PostOffice (oid, postCode, nameEn, nameBn, thanaOid) values ('Post-749','7406','Basundia','Basundia','Thana-248');
insert into PostOffice (oid, postCode, nameEn, nameBn, thanaOid) values ('Post-75','1751','Safipur','Safipur','Thana-35');
insert into PostOffice (oid, postCode, nameEn, nameBn, thanaOid) values ('Post-750','7402','Chanchra','Chanchra','Thana-248');
insert into PostOffice (oid, postCode, nameEn, nameBn, thanaOid) values ('Post-751','7407','Churamankathi','Churamankathi','Thana-248');
insert into PostOffice (oid, postCode, nameEn, nameBn, thanaOid) values ('Post-752','7404','Jessore Airbach','Jessore Airbach','Thana-248');
insert into PostOffice (oid, postCode, nameEn, nameBn, thanaOid) values ('Post-753','7403','Jessore canttonment','Jessore canttonment','Thana-248');
insert into PostOffice (oid, postCode, nameEn, nameBn, thanaOid) values ('Post-754','7400','Jessore Sadar','Jessore Sadar','Thana-248');
insert into PostOffice (oid, postCode, nameEn, nameBn, thanaOid) values ('Post-755','7401','Jessore Upa-Shahar','Jessore Upa-Shahar','Thana-248');
insert into PostOffice (oid, postCode, nameEn, nameBn, thanaOid) values ('Post-756','7405','Rupdia','Rupdia','Thana-248');
insert into PostOffice (oid, postCode, nameEn, nameBn, thanaOid) values ('Post-757','7420','Jhikargachha','Jhikargachha','Thana-249');
insert into PostOffice (oid, postCode, nameEn, nameBn, thanaOid) values ('Post-758','7450','Keshobpur','Keshobpur','Thana-250');
insert into PostOffice (oid, postCode, nameEn, nameBn, thanaOid) values ('Post-759','7440','Monirampur','Monirampur','Thana-251');
insert into PostOffice (oid, postCode, nameEn, nameBn, thanaOid) values ('Post-76','1720','Kaliganj','Kaliganj','Thana-36');
insert into PostOffice (oid, postCode, nameEn, nameBn, thanaOid) values ('Post-760','7462','Bhugilhat','Bhugilhat','Thana-252');
insert into PostOffice (oid, postCode, nameEn, nameBn, thanaOid) values ('Post-761','7460','Noapara','Noapara','Thana-252');
insert into PostOffice (oid, postCode, nameEn, nameBn, thanaOid) values ('Post-762','7461','Rajghat','Rajghat','Thana-252');
insert into PostOffice (oid, postCode, nameEn, nameBn, thanaOid) values ('Post-763','7433','Bag Achra','Bag Achra','Thana-253');
insert into PostOffice (oid, postCode, nameEn, nameBn, thanaOid) values ('Post-764','7431','Benapole','Benapole','Thana-253');
insert into PostOffice (oid, postCode, nameEn, nameBn, thanaOid) values ('Post-765','7432','Jadabpur','Jadabpur','Thana-253');
insert into PostOffice (oid, postCode, nameEn, nameBn, thanaOid) values ('Post-766','7430','Sarsa','Sarsa','Thana-253');
insert into PostOffice (oid, postCode, nameEn, nameBn, thanaOid) values ('Post-767','7310','Harinakundu','Harinakundu','Thana-254');
insert into PostOffice (oid, postCode, nameEn, nameBn, thanaOid) values ('Post-768','7301','Jinaidaha Cadet College','Jinaidaha Cadet College','Thana-255');
insert into PostOffice (oid, postCode, nameEn, nameBn, thanaOid) values ('Post-769','7300','Jinaidaha Sadar','Jinaidaha Sadar','Thana-255');
insert into PostOffice (oid, postCode, nameEn, nameBn, thanaOid) values ('Post-77','1721','Pubail','Pubail','Thana-36');
insert into PostOffice (oid, postCode, nameEn, nameBn, thanaOid) values ('Post-770','7330','Kotchandpur','Kotchandpur','Thana-256');
insert into PostOffice (oid, postCode, nameEn, nameBn, thanaOid) values ('Post-771','7340','Maheshpur','Maheshpur','Thana-257');
insert into PostOffice (oid, postCode, nameEn, nameBn, thanaOid) values ('Post-772','7351','Hatbar Bazar','Hatbar Bazar','Thana-258');
insert into PostOffice (oid, postCode, nameEn, nameBn, thanaOid) values ('Post-773','7350','Naldanga','Naldanga','Thana-258');
insert into PostOffice (oid, postCode, nameEn, nameBn, thanaOid) values ('Post-774','7321','Kumiradaha','Kumiradaha','Thana-259');
insert into PostOffice (oid, postCode, nameEn, nameBn, thanaOid) values ('Post-775','7320','Shailakupa','Shailakupa','Thana-259');
insert into PostOffice (oid, postCode, nameEn, nameBn, thanaOid) values ('Post-776','9240','Alaipur','Alaipur','Thana-260');
insert into PostOffice (oid, postCode, nameEn, nameBn, thanaOid) values ('Post-777','9242','Belphulia','Belphulia','Thana-260');
insert into PostOffice (oid, postCode, nameEn, nameBn, thanaOid) values ('Post-778','9241','Rupsha','Rupsha','Thana-260');
insert into PostOffice (oid, postCode, nameEn, nameBn, thanaOid) values ('Post-779','9260','Batiaghat','Batiaghat','Thana-261');
insert into PostOffice (oid, postCode, nameEn, nameBn, thanaOid) values ('Post-78','1722','Santanpara','Santanpara','Thana-36');
insert into PostOffice (oid, postCode, nameEn, nameBn, thanaOid) values ('Post-780','9261','Surkalee','Surkalee','Thana-261');
insert into PostOffice (oid, postCode, nameEn, nameBn, thanaOid) values ('Post-781','9272','Bajua','Bajua','Thana-262');
insert into PostOffice (oid, postCode, nameEn, nameBn, thanaOid) values ('Post-782','9270','Chalna Bazar','Chalna Bazar','Thana-262');
insert into PostOffice (oid, postCode, nameEn, nameBn, thanaOid) values ('Post-783','9271','Dakup','Dakup','Thana-262');
insert into PostOffice (oid, postCode, nameEn, nameBn, thanaOid) values ('Post-784','9273','Nalian','Nalian','Thana-262');
insert into PostOffice (oid, postCode, nameEn, nameBn, thanaOid) values ('Post-785','9221','Chandni Mahal','Chandni Mahal','Thana-263');
insert into PostOffice (oid, postCode, nameEn, nameBn, thanaOid) values ('Post-786','9220','Digalia','Digalia','Thana-263');
insert into PostOffice (oid, postCode, nameEn, nameBn, thanaOid) values ('Post-787','9224','Gazirhat','Gazirhat','Thana-263');
insert into PostOffice (oid, postCode, nameEn, nameBn, thanaOid) values ('Post-788','9223','Ghoshghati','Ghoshghati','Thana-263');
insert into PostOffice (oid, postCode, nameEn, nameBn, thanaOid) values ('Post-789','9222','Senhati','Senhati','Thana-263');
insert into PostOffice (oid, postCode, nameEn, nameBn, thanaOid) values ('Post-79','1723','Vaoal Jamalpur','Vaoal Jamalpur','Thana-36');
insert into PostOffice (oid, postCode, nameEn, nameBn, thanaOid) values ('Post-790','9207','Atra Shilpa Area','Atra Shilpa Area','Thana-264');
insert into PostOffice (oid, postCode, nameEn, nameBn, thanaOid) values ('Post-791','9203','BIT Khulna','BIT Khulna','Thana-264');
insert into PostOffice (oid, postCode, nameEn, nameBn, thanaOid) values ('Post-792','9202','Doulatpur','Doulatpur','Thana-264');
insert into PostOffice (oid, postCode, nameEn, nameBn, thanaOid) values ('Post-793','9205','Jahanabad Canttonmen','Jahanabad Canttonmen','Thana-264');
insert into PostOffice (oid, postCode, nameEn, nameBn, thanaOid) values ('Post-794','9100','Khula Sadar','Khula Sadar','Thana-264');
insert into PostOffice (oid, postCode, nameEn, nameBn, thanaOid) values ('Post-795','9000','Khulna G.P.O','Khulna G.P.O','Thana-264');
insert into PostOffice (oid, postCode, nameEn, nameBn, thanaOid) values ('Post-796','9201','Khulna Shipyard','Khulna Shipyard','Thana-264');
insert into PostOffice (oid, postCode, nameEn, nameBn, thanaOid) values ('Post-797','9208','Khulna University','Khulna University','Thana-264');
insert into PostOffice (oid, postCode, nameEn, nameBn, thanaOid) values ('Post-798','9204','Siramani','Siramani','Thana-264');
insert into PostOffice (oid, postCode, nameEn, nameBn, thanaOid) values ('Post-799','9206','Sonali Jute Mills','Sonali Jute Mills','Thana-264');
insert into PostOffice (oid, postCode, nameEn, nameBn, thanaOid) values ('Post-8','1213','Banani TSO','Banani TSO','Thana-5');
insert into PostOffice (oid, postCode, nameEn, nameBn, thanaOid) values ('Post-80','1730','kapashia','kapashia','Thana-37');
insert into PostOffice (oid, postCode, nameEn, nameBn, thanaOid) values ('Post-800','9291','Amadee','Amadee','Thana-265');
insert into PostOffice (oid, postCode, nameEn, nameBn, thanaOid) values ('Post-801','9290','Madinabad','Madinabad','Thana-265');
insert into PostOffice (oid, postCode, nameEn, nameBn, thanaOid) values ('Post-802','9284','Chandkhali','Chandkhali','Thana-266');
insert into PostOffice (oid, postCode, nameEn, nameBn, thanaOid) values ('Post-803','9285','Garaikhali','Garaikhali','Thana-266');
insert into PostOffice (oid, postCode, nameEn, nameBn, thanaOid) values ('Post-804','9281','Godaipur','Godaipur','Thana-266');
insert into PostOffice (oid, postCode, nameEn, nameBn, thanaOid) values ('Post-805','9282','Kapilmoni','Kapilmoni','Thana-266');
insert into PostOffice (oid, postCode, nameEn, nameBn, thanaOid) values ('Post-806','9283','Katipara','Katipara','Thana-266');
insert into PostOffice (oid, postCode, nameEn, nameBn, thanaOid) values ('Post-807','9280','Paikgachha','Paikgachha','Thana-266');
insert into PostOffice (oid, postCode, nameEn, nameBn, thanaOid) values ('Post-808','9210','Phultala','Phultala','Thana-267');
insert into PostOffice (oid, postCode, nameEn, nameBn, thanaOid) values ('Post-809','9252','Chuknagar','Chuknagar','Thana-268');
insert into PostOffice (oid, postCode, nameEn, nameBn, thanaOid) values ('Post-81','1712','Ershad Nagar','Ershad Nagar','Thana-38');
insert into PostOffice (oid, postCode, nameEn, nameBn, thanaOid) values ('Post-810','9251','Ghonabanda','Ghonabanda','Thana-268');
insert into PostOffice (oid, postCode, nameEn, nameBn, thanaOid) values ('Post-811','9250','Sajiara','Sajiara','Thana-268');
insert into PostOffice (oid, postCode, nameEn, nameBn, thanaOid) values ('Post-812','9253','Shahapur','Shahapur','Thana-268');
insert into PostOffice (oid, postCode, nameEn, nameBn, thanaOid) values ('Post-813','9231','Pak Barasat','Pak Barasat','Thana-269');
insert into PostOffice (oid, postCode, nameEn, nameBn, thanaOid) values ('Post-814','9230','Terakhada','Terakhada','Thana-269');
insert into PostOffice (oid, postCode, nameEn, nameBn, thanaOid) values ('Post-815','7042','Allardarga','Allardarga','Thana-270');
insert into PostOffice (oid, postCode, nameEn, nameBn, thanaOid) values ('Post-816','7040','Bheramara','Bheramara','Thana-270');
insert into PostOffice (oid, postCode, nameEn, nameBn, thanaOid) values ('Post-817','7041','Ganges Bheramara','Ganges Bheramara','Thana-270');
insert into PostOffice (oid, postCode, nameEn, nameBn, thanaOid) values ('Post-818','7020','Janipur','Janipur','Thana-271');
insert into PostOffice (oid, postCode, nameEn, nameBn, thanaOid) values ('Post-819','7021','Khoksa','Khoksa','Thana-271');
insert into PostOffice (oid, postCode, nameEn, nameBn, thanaOid) values ('Post-82','1710','Monnunagar','Monnunagar','Thana-38');
insert into PostOffice (oid, postCode, nameEn, nameBn, thanaOid) values ('Post-820','7010','Kumarkhali','Kumarkhali','Thana-272');
insert into PostOffice (oid, postCode, nameEn, nameBn, thanaOid) values ('Post-821','7011','Panti','Panti','Thana-272');
insert into PostOffice (oid, postCode, nameEn, nameBn, thanaOid) values ('Post-822','7003','Islami University','Islami University','Thana-273');
insert into PostOffice (oid, postCode, nameEn, nameBn, thanaOid) values ('Post-823','7002','Jagati','Jagati','Thana-273');
insert into PostOffice (oid, postCode, nameEn, nameBn, thanaOid) values ('Post-824','7001','Kushtia Mohini','Kushtia Mohini','Thana-273');
insert into PostOffice (oid, postCode, nameEn, nameBn, thanaOid) values ('Post-825','7000','Kustia Sadar','Kustia Sadar','Thana-273');
insert into PostOffice (oid, postCode, nameEn, nameBn, thanaOid) values ('Post-826','7032','Amla Sadarpur','Amla Sadarpur','Thana-274');
insert into PostOffice (oid, postCode, nameEn, nameBn, thanaOid) values ('Post-827','7030','Mirpur','Mirpur','Thana-274');
insert into PostOffice (oid, postCode, nameEn, nameBn, thanaOid) values ('Post-828','7031','Poradaha','Poradaha','Thana-274');
insert into PostOffice (oid, postCode, nameEn, nameBn, thanaOid) values ('Post-829','7052','Khasmathurapur','Khasmathurapur','Thana-275');
insert into PostOffice (oid, postCode, nameEn, nameBn, thanaOid) values ('Post-83','1711','Nishat Nagar','Nishat Nagar','Thana-38');
insert into PostOffice (oid, postCode, nameEn, nameBn, thanaOid) values ('Post-830','7050','Rafayetpur','Rafayetpur','Thana-275');
insert into PostOffice (oid, postCode, nameEn, nameBn, thanaOid) values ('Post-831','7051','Taragunia','Taragunia','Thana-275');
insert into PostOffice (oid, postCode, nameEn, nameBn, thanaOid) values ('Post-832','7620','Arpara','Arpara','Thana-276');
insert into PostOffice (oid, postCode, nameEn, nameBn, thanaOid) values ('Post-833','7600','Magura Sadar','Magura Sadar','Thana-277');
insert into PostOffice (oid, postCode, nameEn, nameBn, thanaOid) values ('Post-834','7631','Binodpur','Binodpur','Thana-278');
insert into PostOffice (oid, postCode, nameEn, nameBn, thanaOid) values ('Post-835','7630','Mohammadpur','Mohammadpur','Thana-278');
insert into PostOffice (oid, postCode, nameEn, nameBn, thanaOid) values ('Post-836','7632','Nahata','Nahata','Thana-278');
insert into PostOffice (oid, postCode, nameEn, nameBn, thanaOid) values ('Post-837','7611','Langalbadh','Langalbadh','Thana-279');
insert into PostOffice (oid, postCode, nameEn, nameBn, thanaOid) values ('Post-838','7612','Nachol','Nachol','Thana-279');
insert into PostOffice (oid, postCode, nameEn, nameBn, thanaOid) values ('Post-839','7610','Shripur','Shripur','Thana-279');
insert into PostOffice (oid, postCode, nameEn, nameBn, thanaOid) values ('Post-84','1743','Barmi','Barmi','Thana-39');
insert into PostOffice (oid, postCode, nameEn, nameBn, thanaOid) values ('Post-840','7110','Gangni','Gangni','Thana-280');
insert into PostOffice (oid, postCode, nameEn, nameBn, thanaOid) values ('Post-841','7101','Amjhupi','Amjhupi','Thana-281');
insert into PostOffice (oid, postCode, nameEn, nameBn, thanaOid) values ('Post-842','7152','Amjhupi','Amjhupi','Thana-281');
insert into PostOffice (oid, postCode, nameEn, nameBn, thanaOid) values ('Post-843','7100','Meherpur Sadar','Meherpur Sadar','Thana-281');
insert into PostOffice (oid, postCode, nameEn, nameBn, thanaOid) values ('Post-844','7102','Mujib Nagar Complex','Mujib Nagar Complex','Thana-281');
insert into PostOffice (oid, postCode, nameEn, nameBn, thanaOid) values ('Post-845','7520','Kalia','Kalia','Thana-282');
insert into PostOffice (oid, postCode, nameEn, nameBn, thanaOid) values ('Post-846','7514','Baradia','Baradia','Thana-283');
insert into PostOffice (oid, postCode, nameEn, nameBn, thanaOid) values ('Post-847','7512','Itna','Itna','Thana-283');
insert into PostOffice (oid, postCode, nameEn, nameBn, thanaOid) values ('Post-848','7510','Laxmipasha','Laxmipasha','Thana-283');
insert into PostOffice (oid, postCode, nameEn, nameBn, thanaOid) values ('Post-849','7511','Lohagora','Lohagora','Thana-283');
insert into PostOffice (oid, postCode, nameEn, nameBn, thanaOid) values ('Post-85','1747','Bashamur','Bashamur','Thana-39');
insert into PostOffice (oid, postCode, nameEn, nameBn, thanaOid) values ('Post-850','7513','Naldi','Naldi','Thana-283');
insert into PostOffice (oid, postCode, nameEn, nameBn, thanaOid) values ('Post-851','7521','Mohajan','Mohajan','Thana-284');
insert into PostOffice (oid, postCode, nameEn, nameBn, thanaOid) values ('Post-852','7500','Narail Sadar','Narail Sadar','Thana-285');
insert into PostOffice (oid, postCode, nameEn, nameBn, thanaOid) values ('Post-853','7501','Ratanganj','Ratanganj','Thana-285');
insert into PostOffice (oid, postCode, nameEn, nameBn, thanaOid) values ('Post-854','9460','Ashashuni','Ashashuni','Thana-286');
insert into PostOffice (oid, postCode, nameEn, nameBn, thanaOid) values ('Post-855','9461','Baradal','Baradal','Thana-286');
insert into PostOffice (oid, postCode, nameEn, nameBn, thanaOid) values ('Post-856','9430','Debbhata','Debbhata','Thana-287');
insert into PostOffice (oid, postCode, nameEn, nameBn, thanaOid) values ('Post-857','9431','Gurugram','Gurugram','Thana-287');
insert into PostOffice (oid, postCode, nameEn, nameBn, thanaOid) values ('Post-858','9415','Chandanpur','Chandanpur','Thana-288');
insert into PostOffice (oid, postCode, nameEn, nameBn, thanaOid) values ('Post-859','9413','Hamidpur','Hamidpur','Thana-288');
insert into PostOffice (oid, postCode, nameEn, nameBn, thanaOid) values ('Post-86','1748','Boubi','Boubi','Thana-39');
insert into PostOffice (oid, postCode, nameEn, nameBn, thanaOid) values ('Post-860','9412','Jhaudanga','Jhaudanga','Thana-288');
insert into PostOffice (oid, postCode, nameEn, nameBn, thanaOid) values ('Post-861','9410','kalaroa','kalaroa','Thana-288');
insert into PostOffice (oid, postCode, nameEn, nameBn, thanaOid) values ('Post-862','9414','Khordo','Khordo','Thana-288');
insert into PostOffice (oid, postCode, nameEn, nameBn, thanaOid) values ('Post-863','9411','Murarikati','Murarikati','Thana-288');
insert into PostOffice (oid, postCode, nameEn, nameBn, thanaOid) values ('Post-864','9440','Kaliganj UPO','Kaliganj UPO','Thana-289');
insert into PostOffice (oid, postCode, nameEn, nameBn, thanaOid) values ('Post-865','9441','Nalta Mubaroknagar','Nalta Mubaroknagar','Thana-289');
insert into PostOffice (oid, postCode, nameEn, nameBn, thanaOid) values ('Post-866','9442','Ratanpur','Ratanpur','Thana-289');
insert into PostOffice (oid, postCode, nameEn, nameBn, thanaOid) values ('Post-867','9453','Buri Goalini','Buri Goalini','Thana-290');
insert into PostOffice (oid, postCode, nameEn, nameBn, thanaOid) values ('Post-868','9454','Gabura','Gabura','Thana-290');
insert into PostOffice (oid, postCode, nameEn, nameBn, thanaOid) values ('Post-869','9455','Habinagar','Habinagar','Thana-290');
insert into PostOffice (oid, postCode, nameEn, nameBn, thanaOid) values ('Post-87','1745','Kawraid','Kawraid','Thana-39');
insert into PostOffice (oid, postCode, nameEn, nameBn, thanaOid) values ('Post-870','9450','Nakipur','Nakipur','Thana-290');
insert into PostOffice (oid, postCode, nameEn, nameBn, thanaOid) values ('Post-871','9452','Naobeki','Naobeki','Thana-290');
insert into PostOffice (oid, postCode, nameEn, nameBn, thanaOid) values ('Post-872','9451','Noornagar','Noornagar','Thana-290');
insert into PostOffice (oid, postCode, nameEn, nameBn, thanaOid) values ('Post-873','9403','Budhhat','Budhhat','Thana-291');
insert into PostOffice (oid, postCode, nameEn, nameBn, thanaOid) values ('Post-874','9402','Gunakar kati','Gunakar kati','Thana-291');
insert into PostOffice (oid, postCode, nameEn, nameBn, thanaOid) values ('Post-875','9401','Satkhira Islamia Acc','Satkhira Islamia Acc','Thana-291');
insert into PostOffice (oid, postCode, nameEn, nameBn, thanaOid) values ('Post-876','9400','Satkhira Sadar','Satkhira Sadar','Thana-291');
insert into PostOffice (oid, postCode, nameEn, nameBn, thanaOid) values ('Post-877','9421','Patkelghata','Patkelghata','Thana-292');
insert into PostOffice (oid, postCode, nameEn, nameBn, thanaOid) values ('Post-878','9420','Taala','Taala','Thana-292');
insert into PostOffice (oid, postCode, nameEn, nameBn, thanaOid) values ('Post-879','3360','Azmireeganj','Azmireeganj','Thana-293');
insert into PostOffice (oid, postCode, nameEn, nameBn, thanaOid) values ('Post-88','1744','Satkhamair','Satkhamair','Thana-39');
insert into PostOffice (oid, postCode, nameEn, nameBn, thanaOid) values ('Post-880','3310','Bahubal','Bahubal','Thana-294');
insert into PostOffice (oid, postCode, nameEn, nameBn, thanaOid) values ('Post-881','3350','Baniachang','Baniachang','Thana-295');
insert into PostOffice (oid, postCode, nameEn, nameBn, thanaOid) values ('Post-882','3351','Jatrapasha','Jatrapasha','Thana-295');
insert into PostOffice (oid, postCode, nameEn, nameBn, thanaOid) values ('Post-883','3352','Kadirganj','Kadirganj','Thana-295');
insert into PostOffice (oid, postCode, nameEn, nameBn, thanaOid) values ('Post-884','3321','Chandpurbagan','Chandpurbagan','Thana-296');
insert into PostOffice (oid, postCode, nameEn, nameBn, thanaOid) values ('Post-885','3320','Chunarughat','Chunarughat','Thana-296');
insert into PostOffice (oid, postCode, nameEn, nameBn, thanaOid) values ('Post-886','3322','Narapati','Narapati','Thana-296');
insert into PostOffice (oid, postCode, nameEn, nameBn, thanaOid) values ('Post-887','3302','Gopaya','Gopaya','Thana-297');
insert into PostOffice (oid, postCode, nameEn, nameBn, thanaOid) values ('Post-888','3300','Hobiganj Sadar','Hobiganj Sadar','Thana-297');
insert into PostOffice (oid, postCode, nameEn, nameBn, thanaOid) values ('Post-889','3301','Shaestaganj','Shaestaganj','Thana-297');
insert into PostOffice (oid, postCode, nameEn, nameBn, thanaOid) values ('Post-89','1740','Sreepur','Sreepur','Thana-39');
insert into PostOffice (oid, postCode, nameEn, nameBn, thanaOid) values ('Post-890','3340','Kalauk','Kalauk','Thana-298');
insert into PostOffice (oid, postCode, nameEn, nameBn, thanaOid) values ('Post-891','3341','Lakhai','Lakhai','Thana-298');
insert into PostOffice (oid, postCode, nameEn, nameBn, thanaOid) values ('Post-892','3331','Itakhola','Itakhola','Thana-299');
insert into PostOffice (oid, postCode, nameEn, nameBn, thanaOid) values ('Post-893','3330','Madhabpur','Madhabpur','Thana-299');
insert into PostOffice (oid, postCode, nameEn, nameBn, thanaOid) values ('Post-894','3333','Saihamnagar','Saihamnagar','Thana-299');
insert into PostOffice (oid, postCode, nameEn, nameBn, thanaOid) values ('Post-895','3332','Shahajibazar','Shahajibazar','Thana-299');
insert into PostOffice (oid, postCode, nameEn, nameBn, thanaOid) values ('Post-896','3373','Digalbak','Digalbak','Thana-300');
insert into PostOffice (oid, postCode, nameEn, nameBn, thanaOid) values ('Post-897','3372','Golduba','Golduba','Thana-300');
insert into PostOffice (oid, postCode, nameEn, nameBn, thanaOid) values ('Post-898','3371','Goplarbazar','Goplarbazar','Thana-300');
insert into PostOffice (oid, postCode, nameEn, nameBn, thanaOid) values ('Post-899','3374','Inathganj','Inathganj','Thana-300');
insert into PostOffice (oid, postCode, nameEn, nameBn, thanaOid) values ('Post-9','1212','Gulshan Model Town','Gulshan Model Town','Thana-5');
insert into PostOffice (oid, postCode, nameEn, nameBn, thanaOid) values ('Post-90','1741','Rajendrapur','Rajendrapur','Thana-40');
insert into PostOffice (oid, postCode, nameEn, nameBn, thanaOid) values ('Post-900','3370','Nabiganj','Nabiganj','Thana-300');
insert into PostOffice (oid, postCode, nameEn, nameBn, thanaOid) values ('Post-901','3250','Baralekha','Baralekha','Thana-301');
insert into PostOffice (oid, postCode, nameEn, nameBn, thanaOid) values ('Post-902','3252','Dhakkhinbag','Dhakkhinbag','Thana-301');
insert into PostOffice (oid, postCode, nameEn, nameBn, thanaOid) values ('Post-903','3251','Juri','Juri','Thana-301');
insert into PostOffice (oid, postCode, nameEn, nameBn, thanaOid) values ('Post-904','3253','Purbashahabajpur','Purbashahabajpur','Thana-301');
insert into PostOffice (oid, postCode, nameEn, nameBn, thanaOid) values ('Post-905','3220','Kamalganj','Kamalganj','Thana-302');
insert into PostOffice (oid, postCode, nameEn, nameBn, thanaOid) values ('Post-906','3221','Keramatnaga','Keramatnaga','Thana-302');
insert into PostOffice (oid, postCode, nameEn, nameBn, thanaOid) values ('Post-907','3224','Munshibazar','Munshibazar','Thana-302');
insert into PostOffice (oid, postCode, nameEn, nameBn, thanaOid) values ('Post-908','3222','Patrakhola','Patrakhola','Thana-302');
insert into PostOffice (oid, postCode, nameEn, nameBn, thanaOid) values ('Post-909','3223','Shamsher Nagar','Shamsher Nagar','Thana-302');
insert into PostOffice (oid, postCode, nameEn, nameBn, thanaOid) values ('Post-91','1742','Rajendrapur Canttome','Rajendrapur Canttome','Thana-40');
insert into PostOffice (oid, postCode, nameEn, nameBn, thanaOid) values ('Post-910','3237','Baramchal','Baramchal','Thana-303');
insert into PostOffice (oid, postCode, nameEn, nameBn, thanaOid) values ('Post-911','3234','Kajaldhara','Kajaldhara','Thana-303');
insert into PostOffice (oid, postCode, nameEn, nameBn, thanaOid) values ('Post-912','3235','Karimpur','Karimpur','Thana-303');
insert into PostOffice (oid, postCode, nameEn, nameBn, thanaOid) values ('Post-913','3230','Kulaura','Kulaura','Thana-303');
insert into PostOffice (oid, postCode, nameEn, nameBn, thanaOid) values ('Post-914','3232','Langla','Langla','Thana-303');
insert into PostOffice (oid, postCode, nameEn, nameBn, thanaOid) values ('Post-915','3233','Prithimpasha','Prithimpasha','Thana-303');
insert into PostOffice (oid, postCode, nameEn, nameBn, thanaOid) values ('Post-916','3231','Tillagaon','Tillagaon','Thana-303');
insert into PostOffice (oid, postCode, nameEn, nameBn, thanaOid) values ('Post-917','3203','Afrozganj','Afrozganj','Thana-304');
insert into PostOffice (oid, postCode, nameEn, nameBn, thanaOid) values ('Post-918','3201','Barakapan','Barakapan','Thana-304');
insert into PostOffice (oid, postCode, nameEn, nameBn, thanaOid) values ('Post-919','3202','Monumukh','Monumukh','Thana-304');
insert into PostOffice (oid, postCode, nameEn, nameBn, thanaOid) values ('Post-92','8102','Barfa','Barfa','Thana-41');
insert into PostOffice (oid, postCode, nameEn, nameBn, thanaOid) values ('Post-920','3200','Moulvibazar Sadar','Moulvibazar Sadar','Thana-304');
insert into PostOffice (oid, postCode, nameEn, nameBn, thanaOid) values ('Post-921','3240','Rajnagar','Rajnagar','Thana-305');
insert into PostOffice (oid, postCode, nameEn, nameBn, thanaOid) values ('Post-922','3212','Kalighat','Kalighat','Thana-306');
insert into PostOffice (oid, postCode, nameEn, nameBn, thanaOid) values ('Post-923','3213','Khejurichhara','Khejurichhara','Thana-306');
insert into PostOffice (oid, postCode, nameEn, nameBn, thanaOid) values ('Post-924','3211','Narain Chora','Narain Chora','Thana-306');
insert into PostOffice (oid, postCode, nameEn, nameBn, thanaOid) values ('Post-925','3214','Satgaon','Satgaon','Thana-306');
insert into PostOffice (oid, postCode, nameEn, nameBn, thanaOid) values ('Post-926','3210','Srimangal','Srimangal','Thana-306');
insert into PostOffice (oid, postCode, nameEn, nameBn, thanaOid) values ('Post-927','3010','Bishamsapur','Bishamsapur','Thana-307');
insert into PostOffice (oid, postCode, nameEn, nameBn, thanaOid) values ('Post-928','3080','Chhatak','Chhatak','Thana-308');
insert into PostOffice (oid, postCode, nameEn, nameBn, thanaOid) values ('Post-929','3081','Chhatak Cement Facto','Chhatak Cement Facto','Thana-308');
insert into PostOffice (oid, postCode, nameEn, nameBn, thanaOid) values ('Post-93','8013','Chandradighalia','Chandradighalia','Thana-41');
insert into PostOffice (oid, postCode, nameEn, nameBn, thanaOid) values ('Post-930','3082','Chhatak Paper Mills','Chhatak Paper Mills','Thana-308');
insert into PostOffice (oid, postCode, nameEn, nameBn, thanaOid) values ('Post-931','3893','Chourangi Bazar','Chourangi Bazar','Thana-308');
insert into PostOffice (oid, postCode, nameEn, nameBn, thanaOid) values ('Post-932','3083','Gabindaganj','Gabindaganj','Thana-308');
insert into PostOffice (oid, postCode, nameEn, nameBn, thanaOid) values ('Post-933','3084','Gabindaganj Natun Ba','Gabindaganj Natun Ba','Thana-308');
insert into PostOffice (oid, postCode, nameEn, nameBn, thanaOid) values ('Post-934','3088','Islamabad','Islamabad','Thana-308');
insert into PostOffice (oid, postCode, nameEn, nameBn, thanaOid) values ('Post-935','3087','jahidpur','jahidpur','Thana-308');
insert into PostOffice (oid, postCode, nameEn, nameBn, thanaOid) values ('Post-936','3085','Khurma','Khurma','Thana-308');
insert into PostOffice (oid, postCode, nameEn, nameBn, thanaOid) values ('Post-937','3086','Moinpur','Moinpur','Thana-308');
insert into PostOffice (oid, postCode, nameEn, nameBn, thanaOid) values ('Post-938','3040','Dhirai Chandpur','Dhirai Chandpur','Thana-309');
insert into PostOffice (oid, postCode, nameEn, nameBn, thanaOid) values ('Post-939','3041','Jagdal','Jagdal','Thana-309');
insert into PostOffice (oid, postCode, nameEn, nameBn, thanaOid) values ('Post-94','8100','Gopalganj Sadar','Gopalganj Sadar','Thana-41');
insert into PostOffice (oid, postCode, nameEn, nameBn, thanaOid) values ('Post-940','3070','Duara bazar','Duara bazar','Thana-310');
insert into PostOffice (oid, postCode, nameEn, nameBn, thanaOid) values ('Post-941','3050','Ghungiar','Ghungiar','Thana-311');
insert into PostOffice (oid, postCode, nameEn, nameBn, thanaOid) values ('Post-942','3062','Atuajan','Atuajan','Thana-312');
insert into PostOffice (oid, postCode, nameEn, nameBn, thanaOid) values ('Post-943','3063','Hasan Fatemapur','Hasan Fatemapur','Thana-312');
insert into PostOffice (oid, postCode, nameEn, nameBn, thanaOid) values ('Post-944','3060','Jagnnathpur','Jagnnathpur','Thana-312');
insert into PostOffice (oid, postCode, nameEn, nameBn, thanaOid) values ('Post-945','3064','Rasulganj','Rasulganj','Thana-312');
insert into PostOffice (oid, postCode, nameEn, nameBn, thanaOid) values ('Post-946','3065','Shiramsi','Shiramsi','Thana-312');
insert into PostOffice (oid, postCode, nameEn, nameBn, thanaOid) values ('Post-947','3061','Syedpur','Syedpur','Thana-312');
insert into PostOffice (oid, postCode, nameEn, nameBn, thanaOid) values ('Post-948','3020','Sachna','Sachna','Thana-313');
insert into PostOffice (oid, postCode, nameEn, nameBn, thanaOid) values ('Post-949','3001','Pagla','Pagla','Thana-314');
insert into PostOffice (oid, postCode, nameEn, nameBn, thanaOid) values ('Post-95','8101','Ulpur','Ulpur','Thana-41');
insert into PostOffice (oid, postCode, nameEn, nameBn, thanaOid) values ('Post-950','3002','Patharia','Patharia','Thana-314');
insert into PostOffice (oid, postCode, nameEn, nameBn, thanaOid) values ('Post-951','3000','Sunamganj Sadar','Sunamganj Sadar','Thana-314');
insert into PostOffice (oid, postCode, nameEn, nameBn, thanaOid) values ('Post-952','3030','Tahirpur','Tahirpur','Thana-315');
insert into PostOffice (oid, postCode, nameEn, nameBn, thanaOid) values ('Post-953','3120','Balaganj','Balaganj','Thana-316');
insert into PostOffice (oid, postCode, nameEn, nameBn, thanaOid) values ('Post-954','3125','Begumpur','Begumpur','Thana-316');
insert into PostOffice (oid, postCode, nameEn, nameBn, thanaOid) values ('Post-955','3122','Brahman Shashon','Brahman Shashon','Thana-316');
insert into PostOffice (oid, postCode, nameEn, nameBn, thanaOid) values ('Post-956','3128','Gaharpur','Gaharpur','Thana-316');
insert into PostOffice (oid, postCode, nameEn, nameBn, thanaOid) values ('Post-957','3124','Goala Bazar','Goala Bazar','Thana-316');
insert into PostOffice (oid, postCode, nameEn, nameBn, thanaOid) values ('Post-958','3121','Karua','Karua','Thana-316');
insert into PostOffice (oid, postCode, nameEn, nameBn, thanaOid) values ('Post-959','3127','Kathal Khair','Kathal Khair','Thana-316');
insert into PostOffice (oid, postCode, nameEn, nameBn, thanaOid) values ('Post-96','8133','Jonapur','Jonapur','Thana-42');
insert into PostOffice (oid, postCode, nameEn, nameBn, thanaOid) values ('Post-960','3129','Natun Bazar','Natun Bazar','Thana-316');
insert into PostOffice (oid, postCode, nameEn, nameBn, thanaOid) values ('Post-961','3126','Omarpur','Omarpur','Thana-316');
insert into PostOffice (oid, postCode, nameEn, nameBn, thanaOid) values ('Post-962','3123','Tajpur','Tajpur','Thana-316');
insert into PostOffice (oid, postCode, nameEn, nameBn, thanaOid) values ('Post-963','3170','Bianibazar','Bianibazar','Thana-317');
insert into PostOffice (oid, postCode, nameEn, nameBn, thanaOid) values ('Post-964','3175','Churkai','Churkai','Thana-317');
insert into PostOffice (oid, postCode, nameEn, nameBn, thanaOid) values ('Post-965','3171','jaldup','jaldup','Thana-317');
insert into PostOffice (oid, postCode, nameEn, nameBn, thanaOid) values ('Post-966','3173','Kurar bazar','Kurar bazar','Thana-317');
insert into PostOffice (oid, postCode, nameEn, nameBn, thanaOid) values ('Post-967','3172','Mathiura','Mathiura','Thana-317');
insert into PostOffice (oid, postCode, nameEn, nameBn, thanaOid) values ('Post-968','3174','Salia bazar','Salia bazar','Thana-317');
insert into PostOffice (oid, postCode, nameEn, nameBn, thanaOid) values ('Post-969','3130','Bishwanath','Bishwanath','Thana-318');
insert into PostOffice (oid, postCode, nameEn, nameBn, thanaOid) values ('Post-97','8130','Kashiani','Kashiani','Thana-42');
insert into PostOffice (oid, postCode, nameEn, nameBn, thanaOid) values ('Post-970','3131','Dashghar','Dashghar','Thana-318');
insert into PostOffice (oid, postCode, nameEn, nameBn, thanaOid) values ('Post-971','3133','Deokalas','Deokalas','Thana-318');
insert into PostOffice (oid, postCode, nameEn, nameBn, thanaOid) values ('Post-972','3132','Doulathpur','Doulathpur','Thana-318');
insert into PostOffice (oid, postCode, nameEn, nameBn, thanaOid) values ('Post-973','3134','Singer kanch','Singer kanch','Thana-318');
insert into PostOffice (oid, postCode, nameEn, nameBn, thanaOid) values ('Post-974','3116','Fenchuganj','Fenchuganj','Thana-319');
insert into PostOffice (oid, postCode, nameEn, nameBn, thanaOid) values ('Post-975','3117','Fenchuganj SareKarkh','Fenchuganj SareKarkh','Thana-319');
insert into PostOffice (oid, postCode, nameEn, nameBn, thanaOid) values ('Post-976','3152','Chiknagul','Chiknagul','Thana-320');
insert into PostOffice (oid, postCode, nameEn, nameBn, thanaOid) values ('Post-977','3150','Goainhat','Goainhat','Thana-320');
insert into PostOffice (oid, postCode, nameEn, nameBn, thanaOid) values ('Post-978','3151','Jaflong','Jaflong','Thana-320');
insert into PostOffice (oid, postCode, nameEn, nameBn, thanaOid) values ('Post-979','3164','banigram','banigram','Thana-321');
insert into PostOffice (oid, postCode, nameEn, nameBn, thanaOid) values ('Post-98','8131','Ramdia College','Ramdia College','Thana-42');
insert into PostOffice (oid, postCode, nameEn, nameBn, thanaOid) values ('Post-980','3165','Chandanpur','Chandanpur','Thana-321');
insert into PostOffice (oid, postCode, nameEn, nameBn, thanaOid) values ('Post-981','3162','Dakkhin Bhadashore','Dakkhin Bhadashore','Thana-321');
insert into PostOffice (oid, postCode, nameEn, nameBn, thanaOid) values ('Post-982','3161','Dhaka Dakkhin','Dhaka Dakkhin','Thana-321');
insert into PostOffice (oid, postCode, nameEn, nameBn, thanaOid) values ('Post-983','3160','Gopalgannj','Gopalgannj','Thana-321');
insert into PostOffice (oid, postCode, nameEn, nameBn, thanaOid) values ('Post-984','3163','Ranaping','Ranaping','Thana-321');
insert into PostOffice (oid, postCode, nameEn, nameBn, thanaOid) values ('Post-985','3156','Jainthapur','Jainthapur','Thana-322');
insert into PostOffice (oid, postCode, nameEn, nameBn, thanaOid) values ('Post-986','3191','Ichhamati','Ichhamati','Thana-323');
insert into PostOffice (oid, postCode, nameEn, nameBn, thanaOid) values ('Post-987','3190','Jakiganj','Jakiganj','Thana-323');
insert into PostOffice (oid, postCode, nameEn, nameBn, thanaOid) values ('Post-988','3181','Chatulbazar','Chatulbazar','Thana-324');
insert into PostOffice (oid, postCode, nameEn, nameBn, thanaOid) values ('Post-989','3183','Gachbari','Gachbari','Thana-324');
insert into PostOffice (oid, postCode, nameEn, nameBn, thanaOid) values ('Post-99','8132','Ratoil','Ratoil','Thana-42');
insert into PostOffice (oid, postCode, nameEn, nameBn, thanaOid) values ('Post-990','3180','Kanaighat','Kanaighat','Thana-324');
insert into PostOffice (oid, postCode, nameEn, nameBn, thanaOid) values ('Post-991','3182','Manikganj','Manikganj','Thana-324');
insert into PostOffice (oid, postCode, nameEn, nameBn, thanaOid) values ('Post-992','3140','Kompanyganj','Kompanyganj','Thana-325');
insert into PostOffice (oid, postCode, nameEn, nameBn, thanaOid) values ('Post-993','3106','Birahimpur','Birahimpur','Thana-326');
insert into PostOffice (oid, postCode, nameEn, nameBn, thanaOid) values ('Post-994','3107','Jalalabad','Jalalabad','Thana-326');
insert into PostOffice (oid, postCode, nameEn, nameBn, thanaOid) values ('Post-995','3104','Jalalabad Cantoment','Jalalabad Cantoment','Thana-326');
insert into PostOffice (oid, postCode, nameEn, nameBn, thanaOid) values ('Post-996','3111','Kadamtali','Kadamtali','Thana-326');
insert into PostOffice (oid, postCode, nameEn, nameBn, thanaOid) values ('Post-997','3112','Kamalbazer','Kamalbazer','Thana-326');
insert into PostOffice (oid, postCode, nameEn, nameBn, thanaOid) values ('Post-998','3103','Khadimnagar','Khadimnagar','Thana-326');
insert into PostOffice (oid, postCode, nameEn, nameBn, thanaOid) values ('Post-999','3113','Lalbazar','Lalbazar','Thana-326');

-- Bank
insert into Bank (oid, nameEn, nameBn) values ('Bank-1001','AB Bank Limited','এবি ব্যাংক লিমিটেড');
insert into Bank (oid, nameEn, nameBn) values ('Bank-1002','Agrani Bank Limited','অগ্রণী ব্যাংক লিমিটেড');
insert into Bank (oid, nameEn, nameBn) values ('Bank-1003','Al-Arafah Islami Bank Limited','আল-আরাফাহ ইসলামী ব্যাংক লিমিটেড');
insert into Bank (oid, nameEn, nameBn) values ('Bank-1004','Bangladesh Commerce Bank Limited','বাংলাদেশ কমার্স ব্যাংক লিমিটেড');
insert into Bank (oid, nameEn, nameBn) values ('Bank-1005','Bangladesh Development Bank Limited','বাংলাদেশ উন্নয়ন ব্যাংক লিমিটেড');
insert into Bank (oid, nameEn, nameBn) values ('Bank-1006','Bangladesh Krishi Bank','বাংলাদেশ কৃষি ব্যাংক');
insert into Bank (oid, nameEn, nameBn) values ('Bank-1007','Bank Al-Falah Limited','ব্যাংক আল-ফালাহ লিমিটেড');
insert into Bank (oid, nameEn, nameBn) values ('Bank-1008','Bank Asia Limited','ব্যাংক এশিয়া লিমিটেড');
insert into Bank (oid, nameEn, nameBn) values ('Bank-1009','BASIC Bank Limited','বেসিক ব্যাংক লিমিটেড');
insert into Bank (oid, nameEn, nameBn) values ('Bank-1010','BRAC Bank Limited','ব্র্যাক ব্যাংক লিমিটেড');
insert into Bank (oid, nameEn, nameBn) values ('Bank-1011','Citibank N.A','সিটি ব্যাংক এন.এ.');
insert into Bank (oid, nameEn, nameBn) values ('Bank-1012','Commercial Bank of Ceylon Limited','বাণিজ্যিক ব্যাংক অফ সিলন লিমিটেড');
insert into Bank (oid, nameEn, nameBn) values ('Bank-1013','Community Bank Bangladesh Limited','কমিউনিটি ব্যাংক বাংলাদেশ লিমিটেড');
insert into Bank (oid, nameEn, nameBn) values ('Bank-1014','Dhaka Bank Limited','ঢাকা ব্যাংক লিমিটেড');
insert into Bank (oid, nameEn, nameBn) values ('Bank-1015','Dutch-Bangla Bank Limited','ডাচ-বাংলা ব্যাংক লিমিটেড');
insert into Bank (oid, nameEn, nameBn) values ('Bank-1016','Eastern Bank Limited','ইস্টার্ন ব্যাংক লিমিটেড');
insert into Bank (oid, nameEn, nameBn) values ('Bank-1017','EXIM Bank Limited','এক্সিম ব্যাংক লিমিটেড');
insert into Bank (oid, nameEn, nameBn) values ('Bank-1018','First Security Islami Bank Limited','ফার্স্ট সিকিউরিটি ইসলামী ব্যাংক লিমিটেড');
insert into Bank (oid, nameEn, nameBn) values ('Bank-1019','Habib Bank Ltd.','হাবিব ব্যাংক লি');
insert into Bank (oid, nameEn, nameBn) values ('Bank-1020','ICB Islamic Bank Ltd.','আইসিবি ইসলামিক ব্যাংক লি');
insert into Bank (oid, nameEn, nameBn) values ('Bank-1021','IFIC Bank Limited','আইএফআইসি ব্যাংক লিমিটেড');
insert into Bank (oid, nameEn, nameBn) values ('Bank-1022','Islami Bank Bangladesh Ltd','ইসলামী ব্যাংক বাংলাদেশ লিমিটেড');
insert into Bank (oid, nameEn, nameBn) values ('Bank-1023','Jamuna Bank Ltd','যমুনা ব্যাংক লি');
insert into Bank (oid, nameEn, nameBn) values ('Bank-1024','Janata Bank Limited','জনতা ব্যাংক লিমিটেড');
insert into Bank (oid, nameEn, nameBn) values ('Bank-1025','Meghna Bank Limited','মেঘনা ব্যাংক লিমিটেড');
insert into Bank (oid, nameEn, nameBn) values ('Bank-1026','Mercantile Bank Limited','মার্কেন্টাইল ব্যাংক লিমিটেড');
insert into Bank (oid, nameEn, nameBn) values ('Bank-1027','Midland Bank Limited','মিডল্যান্ড ব্যাংক লিমিটেড');
insert into Bank (oid, nameEn, nameBn) values ('Bank-1028','Modhumoti Bank Ltd.','মধুমতি ব্যাংক লি');
insert into Bank (oid, nameEn, nameBn) values ('Bank-1029','Mutual Trust Bank Limited','মিউচুয়াল ট্রাস্ট ব্যাংক লিমিটেড');
insert into Bank (oid, nameEn, nameBn) values ('Bank-1030','National Bank Limited','ন্যাশনাল ব্যাংক লিমিটেড');
insert into Bank (oid, nameEn, nameBn) values ('Bank-1031','National Bank of Pakistan','ন্যাশনাল ব্যাংক অফ পাকিস্তান');
insert into Bank (oid, nameEn, nameBn) values ('Bank-1032','National Credit & Commerce Bank Ltd','ন্যাশনাল ক্রেডিট অ্যান্ড কমার্স ব্যাংক লিমিটেড');
insert into Bank (oid, nameEn, nameBn) values ('Bank-1033','NRB Bank Limited','এনআরবি ব্যাংক লিমিটেড');
insert into Bank (oid, nameEn, nameBn) values ('Bank-1034','NRB Commercial Bank Limited','এনআরবি বাণিজ্যিক ব্যাংক লিমিটেড');
insert into Bank (oid, nameEn, nameBn) values ('Bank-1035','NRB Global Bank Limited','এনআরবি গ্লোবাল ব্যাংক লিমিটেড');
insert into Bank (oid, nameEn, nameBn) values ('Bank-1036','One Bank Limited','ওয়ান ব্যাংক লিমিটেড');
insert into Bank (oid, nameEn, nameBn) values ('Bank-1037','Padma Bank Limited','পদ্মা ব্যাংক লিমিটেড');
insert into Bank (oid, nameEn, nameBn) values ('Bank-1038','Premier Bank Limited','প্রিমিয়ার ব্যাংক লিমিটেড');
insert into Bank (oid, nameEn, nameBn) values ('Bank-1039','Prime Bank Ltd','প্রাইম ব্যাংক লিমিটেড');
insert into Bank (oid, nameEn, nameBn) values ('Bank-1040','Probashi Kollyan Bank','প্রবাসী কল্যাণ ব্যাংক');
insert into Bank (oid, nameEn, nameBn) values ('Bank-1041','Pubali Bank Limited','পূবালী ব্যাংক লিমিটেড');
insert into Bank (oid, nameEn, nameBn) values ('Bank-1042','Rajshahi Krishi Unnayan Bank','রাজশাহী কৃষি উন্নয়ন ব্যাংক');
insert into Bank (oid, nameEn, nameBn) values ('Bank-1043','Rupali Bank Limited','রূপালী ব্যাংক লিমিটেড');
insert into Bank (oid, nameEn, nameBn) values ('Bank-1044','Shahjalal Islami Bank Limited','শাহজালাল ইসলামী ব্যাংক লিমিটেড');
insert into Bank (oid, nameEn, nameBn) values ('Bank-1045','Shimanto Bank Limited','সীমান্ত ব্যাংক লিমিটেড');
insert into Bank (oid, nameEn, nameBn) values ('Bank-1046','Social Islami Bank Ltd.','সোশ্যাল ইসলামী ব্যাংক লি');
insert into Bank (oid, nameEn, nameBn) values ('Bank-1047','Sonali Bank Limited','সোনালী ব্যাংক লিমিটেড');
insert into Bank (oid, nameEn, nameBn) values ('Bank-1048','South Bangla Agriculture & Commerce Bank Limited','সাউথ বাংলা কৃষি ও বাণিজ্য ব্যাংক লিমিটেড');
insert into Bank (oid, nameEn, nameBn) values ('Bank-1049','Southeast Bank Limited','সাউথ ইস্ট ব্যাংক লিমিটেড');
insert into Bank (oid, nameEn, nameBn) values ('Bank-1050','Standard Bank Limited','স্ট্যান্ডার্ড ব্যাংক লিমিটেড');
insert into Bank (oid, nameEn, nameBn) values ('Bank-1051','Standard Chartered Bank','স্ট্যান্ডার্ড চার্টার্ড ব্যাংক');
insert into Bank (oid, nameEn, nameBn) values ('Bank-1052','State Bank of India','স্টেট ব্যাংক অফ ইন্ডিয়া');
insert into Bank (oid, nameEn, nameBn) values ('Bank-1053','The City Bank Ltd.','সিটি ব্যাংক লি');
insert into Bank (oid, nameEn, nameBn) values ('Bank-1054','The Hong Kong and Shanghai Banking Corporation. Ltd.','হংকং এবং সাংহাই ব্যাংকিং কর্পোরেশন লিমিটেড');
insert into Bank (oid, nameEn, nameBn) values ('Bank-1055','Trust Bank Limited','ট্রাস্ট ব্যাংক লিমিটেড');
insert into Bank (oid, nameEn, nameBn) values ('Bank-1056','Union Bank Limited','ইউনিয়ন ব্যাংক লিমিটেড');
insert into Bank (oid, nameEn, nameBn) values ('Bank-1057','United Commercial Bank Limited','ইউনাইটেড কমার্শিয়াল ব্যাংক লিমিটেড');
insert into Bank (oid, nameEn, nameBn) values ('Bank-1058','Uttara Bank Limited','উত্তরা ব্যাংক লিমিটেড');
insert into Bank (oid, nameEn, nameBn) values ('Bank-1059','Woori Bank','উওরি ব্যাংক');
insert into Bank (oid, nameEn, nameBn) values ('Bank-1060','Ansar VDP Unnayan Bank','আনসার ভিডিপি আনয়ন ব্যাংক');
insert into Bank (oid, nameEn, nameBn) values ('Bank-1061','Jubilee Bank','জুবিলী ব্যাংক');
insert into Bank (oid, nameEn, nameBn) values ('Bank-1062','Karmashangosthan Bank','কর্মসংস্থান ব্যাংক');
insert into Bank (oid, nameEn, nameBn) values ('Bank-1063','Palli Sanchay Bank','পল্লী সঞ্চয় ব্যাংক');

ALTER TABLE payment DROP CONSTRAINT fk_receivedby_payment;
drop table if exists people;

ALTER TABLE Payment ADD CONSTRAINT fk_receivedby_payment FOREIGN KEY (receivedby) REFERENCES Employee (oid);


create table                   EmployeeSalary
(
oid                            varchar(128)                                                not null,
basic                          numeric(12,2)                                                              default 0,
hr                             numeric(12,2)                                                              default 0,
conveyance                     numeric(12,2)                                                              default 0,
medical                        numeric(12,2)                                                              default 0,
late                           numeric(12,2)                                                              default 0,
lwp                            numeric(12,2)                                                              default 0,
totalAllowance                 numeric(12,2)                                                              default 0,
advance                        numeric(12,2)                                                              default 0,
mobile                         numeric(12,2)                                                              default 0,
tax                            numeric(12,2)                                                              default 0,
totalDeduction                 numeric(12,2)                                                              default 0,
netPayable                     numeric(12,2)                                                              default 0,
paymentMode                    varchar(64),
employeeOid                    varchar(128),
companyCalendarOid             varchar(128),
companyOid                     varchar(128),
createdOn                      timestamp                                                   not null       default current_timestamp,
createdBy                      varchar(64)                                                 not null       default 'System',
editedOn                       timestamp,
editedBy                       varchar(64),
constraint                     pk_EmployeeSalary                                           primary key    (oid),
constraint                     fk_employeeOid_EmployeeSalary                               foreign key    (employeeOid)
                                                                                           references     Employee(oid),
constraint                     fk_companyCalendarOid_EmployeeSalary                        foreign key    (companyCalendarOid)
                                                                                           references     CompanyCalendar(oid),
constraint                     fk_companyOid_EmployeeSalary                                foreign key    (companyOid)
                                                                                           references     Company(oid)
);



create table                   MobileBill
(
oid                            varchar(128)                                                not null,
mobileNo                       varchar(64),
operator                       varchar(64),
billAmount                     numeric(12,2)                                                              default 0,
fileName                       varchar(128),
employeeOid                    varchar(128),
companyCalendarOid             varchar(128),
companyOid                     varchar(128),
createdOn                      timestamp                                                   not null       default current_timestamp,
createdBy                      varchar(64)                                                 not null       default 'System',
constraint                     pk_MobileBill                                               primary key    (oid),
constraint                     fk_employeeOid_MobileBill                                   foreign key    (employeeOid)
                                                                                           references     Employee(oid),
constraint                     fk_companyCalendarOid_MobileBill                            foreign key    (companyCalendarOid)
                                                                                           references     CompanyCalendar(oid),
constraint                     fk_companyOid_MobileBill                                    foreign key    (companyOid)
                                                                                           references     Company(oid)
);

DROP FUNCTION IF EXISTS populate_calendar_detail(date, date);
CREATE OR REPLACE FUNCTION populate_calendar_detail(startDate date, endDate date)
RETURNS VOID AS $populate_calendar_detail$
    DECLARE
        currDate                            timestamp ;
        oid                                 numeric(8);
        yearValue                           numeric(4);
        quarterValue                        numeric(1);
        monthValue                          numeric(2);
        weekOfMonthValue                    numeric(1);
        weekOfYearValue                     numeric(2);
        dayValue                            numeric(2);
        dayOfYearValue                      numeric(3);
        dayOfWeekValue                      numeric(1);
        quarterString                       varchar(2);
        monthString                         varchar(10);
        dayString                           varchar(10);
    BEGIN
        currDate := startDate;
        while currDate < endDate
        loop
            oid                 := to_char(currDate, 'YYYYMMDD');
            yearValue           := to_char(currDate, 'YYYY');
            quarterValue        := to_char(currDate, 'Q');
            monthValue          := to_char(currDate, 'MM');
            weekOfMonthValue    := to_char(currDate, 'W');
            weekOfYearValue     := to_char(currDate, 'IW');
            dayValue            := to_char(currDate, 'DD');
            dayOfYearValue      := to_char(currDate, 'DDD');
            dayOfWeekValue      := to_char(currDate, 'D');
            quarterString       := trim('Q' || quarterValue);
            monthString         := trim(to_char(currDate, 'Month'));
            dayString           := trim(to_char(currDate, 'Day'));
            insert into CalendarDetail (oid, yearValue, quarterValue, monthValue, weekOfMonthValue, weekOfYearValue, dayValue, dayOfYearValue, dayOfWeekValue, quarterString, monthString, dayString)
            values (oid, yearValue, quarterValue, monthValue, weekOfMonthValue, weekOfYearValue, dayValue, dayOfYearValue, dayOfWeekValue, quarterString, monthString, dayString);
            currDate := currDate + interval '1 day';
        END loop;
    END;
$populate_calendar_detail$ language plpgsql;

select populate_calendar_detail(to_date('2019-01-01', 'YYYY-MM-DD'), to_date('2020-12-31', 'YYYY-MM-DD'));

DROP FUNCTION IF exists remove_salary(varchar(128), numeric(4, 0), varchar(10), varchar(64));
CREATE OR REPLACE FUNCTION remove_salary(p_companyOid varchar(128), p_year numeric(4 ,0), p_monthName varchar(10), p_createdBy varchar(64))
RETURNS VOID AS $remove_salary$
    DECLARE
        p_calendarOid                       varchar(128);
		p_companyCalendarOid				varchar(128);
    BEGIN
        p_calendarOid := (select oid from Calendar where 1 = 1 and yearEn = p_year and nameEn = p_monthName);
        p_companyCalendarOid := (select oid from CompanyCalendar where 1 = 1 and companyOid = p_companyOid and calendarOid = p_calendarOid);
        delete from EmployeeSalary where companyOid = p_companyOid and companyCalendarOid = p_companyCalendarOid;
        -- delete from CompanyCalendar where companyOid = p_companyOid and oid = p_companyCalendarOid;
        update CompanyCalendar set status = null, editedBy = p_createdBy, editedOn = clock_timestamp()
        where 1 = 1 and companyOid = p_companyOid and oid = p_companyCalendarOid;
    END;
$remove_salary$ language plpgsql;

DROP FUNCTION IF exists generate_salary(varchar(128), numeric(4,0), varchar(10), varchar(64));
CREATE OR REPLACE FUNCTION generate_salary(p_companyOid varchar(128), p_year numeric(4, 0), p_monthName varchar(10), p_createdBy varchar(64))
RETURNS VOID AS $generate_salary$
    DECLARE
        p_calendarOid                       varchar(128);
		p_companyCalendarOid				varchar(128);
		p_basic 							numeric(4,2) := 0;
		p_hr       							numeric(4,2) := 0;
		p_conveyance						numeric(4,2) := 0;
		p_medical     						numeric(4,2) := 0;
		employeeCursor CURSOR FOR select oid, grossSalary, tax, CASE WHEN bankOid is not null THEN 'Bank' ELSE 'Cash' end as paymentMode from Employee where companyOid = p_companyOid and status = 'Active';
		c_basic 							numeric(12,2) := 0;
		c_hr       							numeric(12,2) := 0;
		c_conveyance						numeric(12,2) := 0;
		c_medical     						numeric(12,2) := 0;
		c_late        						numeric(12,2) := 0;
		c_lwp          						numeric(12,2) := 0;
		c_totalAllowance					numeric(12,2) := 0;
		c_totalDeduction					numeric(12,2) := 0;
		c_netPayable      					numeric(12,2) := 0;
    BEGIN
		p_basic := (select salaryJson::json->>'basic' from Company where oid = p_companyOid and status = 'Active');
		p_hr := (select salaryJson::json->>'hr' from Company where oid = p_companyOid and status = 'Active');
		p_conveyance := (select salaryJson::json->>'conveyance' from Company where oid = p_companyOid and status = 'Active');
		p_medical := (select salaryJson::json->>'medical' from Company where oid = p_companyOid and status = 'Active');
		p_calendarOid := (select oid from Calendar where 1 = 1 and yearEn = p_year and nameEn = p_monthName);
		p_companyCalendarOid := (select oid from CompanyCalendar where 1 = 1 and companyOid = p_companyOid and calendarOid = p_calendarOid);
		if p_companyCalendarOid is null then
			p_companyCalendarOid := MD5(random()::text);
       		insert into CompanyCalendar (oid, status, calendarOid, companyOid, createdOn, createdBy)
			values (p_companyCalendarOid, 'Generated', p_calendarOid, p_companyOid, clock_timestamp(), p_createdBy);
		else
			update CompanyCalendar set status = 'Generated', editedBy = p_createdBy, editedOn = clock_timestamp()
			where 1 = 1 and companyOid = p_companyOid and oid = p_companyCalendarOid;
			delete from EmployeeSalary where 1 = 1 and companyOid = p_companyOid and companyCalendarOid = p_companyCalendarOid;
        end if;
		for emp in employeeCursor loop
            c_basic := round((emp.grossSalary * p_basic)/100, 0);
            c_hr := round((emp.grossSalary * p_hr)/100, 0);
            c_conveyance := round((emp.grossSalary * p_conveyance)/100, 0);
            c_medical := round((emp.grossSalary * p_medical)/100, 0);
            c_totalAllowance := c_basic + c_hr + c_conveyance + c_medical;
            c_medical := c_medical + (emp.grossSalary - c_totalAllowance);
            c_totalAllowance := c_basic + c_hr + c_conveyance + c_medical + c_lwp;
            c_totalDeduction := emp.tax;
            c_netPayable := c_totalAllowance - c_totalDeduction;
			insert into EmployeeSalary (oid, basic, hr, conveyance, medical, late, lwp, totalAllowance, tax, totalDeduction, netPayable, paymentMode, employeeOid, companyCalendarOid, companyOid, createdOn, createdBy)
			values (MD5(random()::text), c_basic, c_hr, c_conveyance, c_medical, c_late, c_lwp, c_totalAllowance, emp.tax, c_totalDeduction, c_netPayable, emp.paymentMode, emp.oid, p_companyCalendarOid, p_companyOid, clock_timestamp(), p_createdBy);
		end loop;
    END;
$generate_salary$ language plpgsql;

DROP FUNCTION IF exists remove_mobile_bill(varchar(128), numeric(4, 0), varchar(10), varchar(64));
CREATE OR REPLACE FUNCTION remove_mobile_bill(p_companyOid varchar(128), p_year numeric(4, 0), p_monthName varchar(10), p_createdBy varchar(64))
RETURNS VOID AS $remove_mobile_bill$
    DECLARE
        p_calendarOid                       varchar(128);
		p_companyCalendarOid				varchar(128);
    BEGIN
        p_calendarOid := (select oid from Calendar where 1 = 1 and yearEn = p_year and nameEn = p_monthName);
        p_companyCalendarOid := (select oid from CompanyCalendar where 1 = 1 and companyOid = p_companyOid and calendarOid = p_calendarOid);
        delete from MobileBill where companyOid = p_companyOid and companyCalendarOid = p_companyCalendarOid;
        -- delete from CompanyCalendar where companyOid = p_companyOid and oid = p_companyCalendarOid;
        update CompanyCalendar set mobileBillStatus = null, editedBy = p_createdBy, editedOn = clock_timestamp()
        where 1 = 1 and companyOid = p_companyOid and oid = p_companyCalendarOid;
    END;
$remove_mobile_bill$ language plpgsql;

DROP TRIGGER IF EXISTS update_menu_json_login ON Role;
DROP FUNCTION IF EXISTS update_menu_json_login();
CREATE OR REPLACE FUNCTION update_menu_json_login()
RETURNS TRIGGER AS $update_menu_json_login$
    BEGIN
        update Login l
        set menuJson = r.menuJson, reportJson = r.reportJson
        from Role r
        where 1 = 1
        and r.oid = l.roleOid;
        RETURN NULL;
    END;
$update_menu_json_login$ LANGUAGE plpgsql;

CREATE TRIGGER update_menu_json_login AFTER UPDATE ON Role
FOR EACH ROW EXECUTE PROCEDURE update_menu_json_login();

update Role set menuJson = '[{"id":"dashboard","url":"dashboard","text":"Dashboard","enable":true,"class":"fa fa-dashboard","children":[{"id":"dashboard","url":"dashboard","text":"Account","class":"fa fa-font","enable":true},{"id":"ticketdashboard","url":"ticket-dashboard","text":"Ticket","enable":true,"class":"fa fa-ticket"}]},{"id":"tickets","url":"tickets","text":"Tickets","class":"fa fa-ticket","enable":true,"children":[{"id":"tickets","url":"tickets","text":"Tickets","class":"fa fa-ticket","enable":true},{"id":"ticketsmodification","url":"ticketsmodification","text":"Modification","class":"fa fa-eraser","enable":true}]},{"id":"customer","url":"customers","text":"Customer","class":"fa fa-user","enable":true,"children":[{"id":"customer","url":"customers","text":"Customers","class":"fa fa-user","enable":true},{"id":"passport","url":"passports","text":"Passports","class":"fa fa-columns","enable":true},{"id":"invoices","url":"invoices","text":"Invoices","class":"fa fa-italic","enable":true},{"id":"paymentreceiveds","url":"paymentreceiveds","text":"Payment Receiveds","class":"fa fa-money","enable":true},{"id":"creditnotes","url":"creditnotes","text":"Credit Notes","class":"fa fa-shopping-cart","enable":true},{"id":"customerwithdraws","url":"customerwithdraws","text":"Customer Withdraws","class":"fa fa-pencil","enable":true}]},{"id":"supplier","url":"suppliers","text":"Vendor","enable":true,"class":"fa fa-male","children":[{"id":"supplier","url":"suppliers","text":"Vendors","class":"fa fa-male","enable":true},{"id":"bills","url":"bills","text":"Bills","class":"fa fa-sticky-note-o","enable":true},{"id":"paymentmades","url":"paymentmades","text":"Payment Made","class":"fa fa-tags","enable":true},{"id":"vendorcredits","url":"vendorcredits","text":"Vendor Credits","class":"fa fa-rocket","enable":true},{"id":"vendorwithdraws","url":"vendorwithdraws","text":"Vendor Withdraws","class":"fa fa-plus","enable":true}]},{"id":"account","url":"accounts","text":"Account","class":"fa fa-font","enable":true,"children":[{"id":"account","url":"accounts","text":"Accounts","class":"fa fa-font","enable":true},{"id":"transactions","url":"transactions","text":"Transactions","class":"fa fa-suitcase","enable":true},{"id":"payments","url":"payments","text":"Payments","class":"fa fa-credit-card","enable":true}]},{"id":"report","url":"report","text":"Report","class":"fa fa-bar-chart-o","enable":true},{"id":"calculator","url":"calculator","text":"Calculator","class":"fa fa-calculator","enable":true},{"id":"office","url":"office","text":"Office","enable":true,"class":"fa fa-university","children":[{"id":"Employee","url":"employees","text":"Employees","class":"fa fa-users","enable":true},{"id":"departments","url":"departments","text":"Department","class":"fa fa-home","enable":true},{"id":"designations","url":"designations","text":"Designation","class":"fa fa-graduation-cap","enable":true}]},{"id":"settings","url":"settings","text":"Setting","enable":true,"class":"fa fa-cogs","children":[{"id":"users","url":"users","text":"User","class":"fa fa-users","enable":true},{"id":"changepassword","url":"change-password","text":"Change Password","class":"fa fa-key","enable":true}]},{"id":"guidelines","url":"guidelines","text":"Guideline","enable":true,"children":[],"class":"fa fa-book"}]', reportJson = '[{"id":"ledger","url":"ledger","text":"Ledger","enable":true,"children":[{"id":"vendor","url":"vendor","text":"Vendor","enable":false},{"id":"customer","url":"customer","text":"Customer","enable":false},{"id":"vendortickets","url":"vendortickets","text":"Vendor Tickets","enable":false},{"id":"customertickets","url":"customertickets","text":"Customer Tickets","enable":false}]},{"id":"travelagency","url":"travelagency","text":"Travel Agency","enable":true,"children":[{"id":"ticketdetail","url":"ticketdetail","text":"Date Wise Ticket","enable":false},{"id":"customerwiseticket","url":"customerwiseticket","text":"Customer Wise Ticket","enable":false},{"id":"vendorwiseticket","url":"vendorwiseticket","text":"Vendor Wise Ticket","enable":false},{"id":"vendorpayment","url":"vendorpayment","text":"Ticket Wise Vendor Payment","enable":false},{"id":"ticketprofitlossstatement","url":"ticketprofitlossstatement","text":"Profit Loss Statement","enable":false},{"id":"profitlosssummarystatement","url":"profitlosssummarystatement","text":"Profit Loss Summary Statement","enable":false}]}]' where oid = 'Admin';
update Role set menuJson = '[{"id":"customer-dashboard","url":"customer-dashboard","text":"Dashboard","enable":true,"class":"fa fa-dashboard"},{"id":"customer-profile","url":"customer-profile","text":"Profile","enable":true,"class":"fa fa-user"},{"id":"customer-passport","url":"customer-passports","text":"Passports","class":"fa fa-columns","enable":true},{"id":"customer-tickets","url":"customer-tickets","text":"Tickets","class":"fa fa-ticket","enable":true},{"id":"customer-visa","url":"customer-visa","text":"Visa","class":"fa fa-cc-visa","enable":true},{"id":"customer-invoices","url":"customer-invoices","text":"Invoices","enable":true,"class":"fa fa-italic"},{"id":"customer-payments","url":"customer-payments","text":"Payments","enable":true,"class":"fa fa-money"},{"id":"customer-creditnotes","url":"customer-creditnotes","text":"Credit Notes","class":"fa fa-shopping-cart","enable":true},{"id":"customer-withdraws","url":"customer-withdraws","text":"Withdraws","class":"fa fa-pencil","enable":true},{"id":"report","url":"report","text":"Report","enable":true,"class":"fa fa-bar-chart-o"},{"id":"settings","url":"settings","text":"Setting","enable":true,"children":[{"id":"changepassword","url":"change-password","text":"Change Password","class":"fa fa-key","enable":true}],"class":"fa fa-cogs"},{"id":"customer-guidelines","url":"customer-guidelines","text":"Guideline","enable":true,"children":[],"class":"fa fa-book"}]', reportJson = '[{"id":"account","url":"account","text":"Account","enable":true,"children":[{"id":"customeraccountstatement","url":"customeraccountstatement","text":"Account Statement","enable":false},{"id":"customerticketstatement","url":"customerticketstatement","text":"Ticket Statement","enable":false}]},{"id":"ticket","url":"ticket","text":"Ticket","enable":true,"children":[{"id":"customerticketdetail","url":"customerticketdetail","text":"Date Wise Ticket","enable":false}]}]' where oid = 'Customer';
update Role set menuJson = '[{"id":"supplier-dashboard","url":"supplier-dashboard","text":"Dashboard","enable":true},{"id":"supplier-tickets","url":"supplier-tickets","text":"Tickets","enable":true,"class":"fa fa-ticket"},{"id":"supplier","url":"suppliers","text":"Vendor","class":"fa fa-male","enable":true,"children":[{"id":"supplier-bills","url":"supplier-bills","text":"Bills","class":"fa fa-sticky-note-o","enable":true},{"id":"supplier-paymentmades","url":"supplier-paymentmades","text":"Payment Made","class":"fa fa-tags","enable":true},{"id":"supplier-vendorcredits","url":"supplier-vendorcredits","text":"Vendor Credits","class":"fa fa-rocket","enable":true},{"id":"supplier-vendorwithdraws","url":"supplier-vendorwithdraws","text":"Vendor Withdraws","class":"fa fa-plus","enable":true}]},{"id":"report","url":"report","text":"Report","class":"fa fa-bar-chart-o","enable":true},{"id":"calculator","url":"calculator","text":"Calculator","class":"fa fa-calculator","enable":true},{"id":"settings","url":"settings","text":"Setting","enable":true,"class":"fa fa-cogs","children":[{"id":"changepassword","url":"change-password","text":"Change Password","class":"fa fa-key","enable":true}]},{"id":"supplier-guidelines","url":"supplier-guidelines","text":"Guideline","enable":true,"class":"fa fa-book","children":[]}]', reportJson = '[{"id":"ledger","url":"ledger","text":"Ledger","enable":true,"children":[{"id":"vendor","url":"vendor","text":"Vendor","enable":false},{"id":"vendortickets","url":"vendortickets","text":"Vendor Tickets","enable":false}]},{"id":"travelagency","url":"travelagency","text":"Travel Agency","enable":true,"children":[{"id":"ticketdetail","url":"ticketdetail","text":"Date Wise Ticket","enable":false},{"id":"vendorwiseticket","url":"vendorwiseticket","text":"Vendor Wise Ticket","enable":false}]}]' where oid = 'Supplier';

alter table Company add column bankAccountTitle varchar(128);
alter table Company add column bankAccountNo varchar(128);
alter table Company add column branchNameEn varchar(128);
alter table Company add column branchAddress text;
alter table Company add column salaryJson text;
alter table Company add column bankOid varchar(128);
alter table Company add column status varchar(32) default 'Active' not null;

ALTER TABLE Company ADD CONSTRAINT ck_status_Company check (status = 'Active' or status = 'Inactive');
ALTER TABLE Company ADD CONSTRAINT fk_bankOid_Company FOREIGN KEY (bankOid) REFERENCES Bank (oid);


update Role set menuJson = '[{"id":"dashboard","url":"dashboard","text":"Dashboard","enable":true,"class":"fa fa-dashboard","children":[{"id":"dashboard","url":"dashboard","text":"Account","class":"fa fa-font","enable":true},{"id":"ticketdashboard","url":"ticket-dashboard","text":"Ticket","enable":true,"class":"fa fa-ticket"}]},{"id":"tickets","url":"tickets","text":"Tickets","class":"fa fa-ticket","enable":true,"children":[{"id":"tickets","url":"tickets","text":"Tickets","class":"fa fa-ticket","enable":true},{"id":"ticketsmodification","url":"ticketsmodification","text":"Modification","class":"fa fa-eraser","enable":true}]},{"id":"customer","url":"customers","text":"Customer","class":"fa fa-user","enable":true,"children":[{"id":"customer","url":"customers","text":"Customers","class":"fa fa-user","enable":true},{"id":"passport","url":"passports","text":"Passports","class":"fa fa-columns","enable":true},{"id":"invoices","url":"invoices","text":"Invoices","class":"fa fa-italic","enable":true},{"id":"paymentreceiveds","url":"paymentreceiveds","text":"Payment Receiveds","class":"fa fa-money","enable":true},{"id":"creditnotes","url":"creditnotes","text":"Credit Notes","class":"fa fa-shopping-cart","enable":true},{"id":"customerwithdraws","url":"customerwithdraws","text":"Customer Withdraws","class":"fa fa-pencil","enable":true}]},{"id":"supplier","url":"suppliers","text":"Vendor","enable":true,"class":"fa fa-male","children":[{"id":"supplier","url":"suppliers","text":"Vendors","class":"fa fa-male","enable":true},{"id":"bills","url":"bills","text":"Bills","class":"fa fa-sticky-note-o","enable":true},{"id":"paymentmades","url":"paymentmades","text":"Payment Made","class":"fa fa-tags","enable":true},{"id":"vendorcredits","url":"vendorcredits","text":"Vendor Credits","class":"fa fa-rocket","enable":true},{"id":"vendorwithdraws","url":"vendorwithdraws","text":"Vendor Withdraws","class":"fa fa-plus","enable":true}]},{"id":"account","url":"accounts","text":"Account","class":"fa fa-font","enable":true,"children":[{"id":"account","url":"accounts","text":"Accounts","class":"fa fa-font","enable":true},{"id":"transactions","url":"transactions","text":"Transactions","class":"fa fa-suitcase","enable":true},{"id":"payments","url":"payments","text":"Payments","class":"fa fa-credit-card","enable":true}]},{"id":"report","url":"report","text":"Report","class":"fa fa-bar-chart-o","enable":true},{"id":"calculator","url":"calculator","text":"Calculator","class":"fa fa-calculator","enable":true},{"id":"office","url":"office","text":"Office","enable":true,"class":"fa fa-university","children":[{"id":"Employee","url":"employees","text":"Employees","class":"fa fa-users","enable":true},{"id":"departments","url":"departments","text":"Department","class":"fa fa-home","enable":true},{"id":"designations","url":"designations","text":"Designation","class":"fa fa-graduation-cap","enable":true}]},{"id":"payrolls","url":"payrolls","text":"Payroll","class":"fa fa-credit-card","enable":true,"children":[{"id":"payroll","url":"payroll","text":"Payroll","class":"fa fa-credit-card","enable":true}]},{"id":"settings","url":"settings","text":"Setting","enable":true,"class":"fa fa-cogs","children":[{"id":"users","url":"users","text":"User","class":"fa fa-users","enable":true},{"id":"changepassword","url":"change-password","text":"Change Password","class":"fa fa-key","enable":true}]},{"id":"guidelines","url":"guidelines","text":"Guideline","enable":true,"children":[],"class":"fa fa-book"}]' where oid = 'Admin';

/*
update Company set
bankAccountTitle = 'Grameen CyberNet Ltd',
bankAccountNo = '11831050004084',
branchNameEn = 'Gulshan Branch',
branchAddress = 'Gulshan, Dhaka-1212',
salaryJson = '{"basic":60,"hr":30,"conveyance":5,"medical":5}',
bankOid = 'Bank-1039'
where 1 = 1 and oid = 'C-GTA';
*/
